"","Project","Region","Site","Zone","Replicate","Depth_cm","Sample_ID","Year","Month","Day","Time","Time_Zone","npoc_mgL","npoc_uM","npoc_flag","tdn_mgL","tdn_uM","tdn_flag","Analysis_runtime","Run_notes","Field_notes"
"1","COMPASS: Synoptic","CB","SWH","UP","A",10,"202405_SWH_UP_LysA_10cm",2024,5,15,"","",14.51,1208.05927899426,"",0.3734,26.6586704934067,"","5/31/2024 9:08:46 PM","Second NPOC Curve did not look good. One duplicate out of range and some checks 
  below expected concentration, but not by much - run okay.",""
"2","COMPASS: Synoptic","CB","SWH","UP","A",20,"202405_SWH_UP_LysA_20cm",2024,5,15,"","",17.51,1457.83032220465,"",0.5254,37.5106199176109,"","5/31/2024 9:33:40 PM","Second NPOC Curve did not look good. One duplicate out of range and some checks 
  below expected concentration, but not by much - run okay.",""
"3","COMPASS: Synoptic","CB","SWH","UP","A",45,"202405_SWH_UP_LysA_45cm",2024,5,15,"","",13.59,1131.46282574307,"",0.3952,28.2150685029307,"","5/31/2024 9:58:11 PM","Second NPOC Curve did not look good. One duplicate out of range and some checks 
  below expected concentration, but not by much - run okay.",""
"4","COMPASS: Synoptic","CB","SWH","UP","B",10,"202405_SWH_UP_LysB_10cm",2024,5,15,"","",29.88,2487.71959037549,"",0.6257,44.6714786495035,"","5/31/2024 10:23:37 PM","Second NPOC Curve did not look good. One duplicate out of range and some checks 
  below expected concentration, but not by much - run okay.",""
"5","COMPASS: Synoptic","CB","SWH","UP","B",20,"202405_SWH_UP_LysB_20cm",2024,5,15,"","",52.66,4384.31437848639,"",1.326,94.6689798453597,"","5/31/2024 10:49:45 PM","Second NPOC Curve did not look good. One duplicate out of range and some checks 
  below expected concentration, but not by much - run okay.",""
"6","COMPASS: Synoptic","CB","SWH","UP","C",10,"202405_SWH_UP_LysC_10cm",2024,5,15,"","",27,2247.93938889351,"",0.6164,44.007510691312,"","5/31/2024 11:06:37 PM","Second NPOC Curve did not look good. One duplicate out of range and some checks 
  below expected concentration, but not by much - run okay.",""
"7","COMPASS: Synoptic","CB","SWH","UP","C",20,"202405_SWH_UP_LysC_20cm",2024,5,15,"","",26.18,2179.66863708267,"",0.7101,50.697166356101,"","5/31/2024 11:33:04 PM","Second NPOC Curve did not look good. One duplicate out of range and some checks 
  below expected concentration, but not by much - run okay.",""
"8","COMPASS: Synoptic","CB","SWH","UP","C",45,"202405_SWH_UP_LysC_45cm",2024,5,15,"","",23.67,1970.69353092998,"",0.5842,41.7086108790793,"","5/31/2024 11:57:25 PM","Second NPOC Curve did not look good. One duplicate out of range and some checks 
  below expected concentration, but not by much - run okay.",""
"9","COMPASS: Synoptic","CB","GWI","UP","A",20,"202405_GWI_UP_LysA_20cm",2024,5,16,"","",19.54,1626.84206144368,"",0.6521,46.5562909179178,"","6/1/2024 4:10:06 PM","Second NPOC Curve did not look good. One duplicate out of range and some checks 
  below expected concentration, but not by much - run okay.",""
"10","COMPASS: Synoptic","CB","GWI","UP","A",45,"202405_GWI_UP_LysA_45cm",2024,5,16,"","",29.49,2455.24935475814,"",0.7372,52.63195470739,"","6/1/2024 4:35:50 PM","Second NPOC Curve did not look good. One duplicate out of range and some checks 
  below expected concentration, but not by much - run okay.",""
"11","COMPASS: Synoptic","CB","GWI","UP","B",10,"202405_GWI_UP_LysB_10cm",2024,5,16,"","",60.22,5013.73740737657,"",1.178,84.102608037582,"","6/1/2024 5:01:42 PM","Second NPOC Curve did not look good. One duplicate out of range and some checks 
  below expected concentration, but not by much - run okay.",""
"12","COMPASS: Synoptic","CB","GWI","UP","B",20,"202405_GWI_UP_LysB_20cm",2024,5,16,"","",49.44,4116.22679210724,"",1.149,82.0321703184904,"","6/1/2024 6:43:32 PM","Second NPOC Curve did not look good. One duplicate out of range and some checks 
  below expected concentration, but not by much - run okay.",""
"13","COMPASS: Synoptic","CB","GWI","UP","B",45,"202405_GWI_UP_LysB_45cm",2024,5,16,"","",41.59,3462.65922904005,"",1.048,74.8213355037232,"","6/1/2024 7:09:17 PM","Second NPOC Curve did not look good. One duplicate out of range and some checks 
  below expected concentration, but not by much - run okay.",""
"14","COMPASS: Synoptic","CB","GWI","UP","C",20,"202405_GWI_UP_LysC_20cm",2024,5,16,"","",82.15,6839.56373324453,"",1.852,132.222436405435,"","6/1/2024 7:35:56 PM","Second NPOC Curve did not look good. One duplicate out of range and some checks 
  below expected concentration, but not by much - run okay.",""
"15","COMPASS: Synoptic","CB","MSM","UP","C",10,"202405_MSM_UP_LysC_10cm",2024,5,21,"","",53.07,4418.44975439181,"",1.252,89.3857939414709,"","6/2/2024 5:32:17 AM","Second NPOC Curve did not look good. One duplicate out of range and some checks 
  below expected concentration, but not by much - run okay.",""
"16","COMPASS: Synoptic","CB","MSM","UP","A",20,"202405_MSM_UP_LysA_20cm",2024,5,21,"","",45.69,3804.01298809425,"",1.197,85.4591017156075,"","6/2/2024 5:57:49 AM","Second NPOC Curve did not look good. One duplicate out of range and some checks 
  below expected concentration, but not by much - run okay.",""
"17","COMPASS: Synoptic","CB","MSM","UP","B",10,"202405_MSM_UP_LysB_10cm",2024,5,21,"","",53.61,4463.40854216968,"",1.351,96.4538399480249,"","6/2/2024 6:23:25 AM","Second NPOC Curve did not look good. One duplicate out of range and some checks 
  below expected concentration, but not by much - run okay.",""
"18","COMPASS: Synoptic","CB","MSM","UP","B",20,"202405_MSM_UP_LysB_20cm",2024,5,21,"","",30.1,2506.03613354425,"",0.7263,51.853755702628,"","6/2/2024 6:40:19 AM","Second NPOC Curve did not look good. One duplicate out of range and some checks 
  below expected concentration, but not by much - run okay.",""
"19","COMPASS: Synoptic","CB","MSM","UP","B",45,"202405_MSM_UP_LysB_45cm",2024,5,21,"","",25.5,2123.05386728832,"",1.089,77.7485060720941,"","6/2/2024 7:05:57 AM","Second NPOC Curve did not look good. One duplicate out of range and some checks 
  below expected concentration, but not by much - run okay.",""
"20","COMPASS: Synoptic","CB","MSM","UP","C",20,"202405_MSM_UP_LysC_20cm",2024,5,21,"","",85.67,7132.62842394472,"",2.288,163.350396595915,"","6/2/2024 7:32:16 AM","Second NPOC Curve did not look good. One duplicate out of range and some checks 
  below expected concentration, but not by much - run okay.",""
"21","COMPASS: Synoptic","CB","MSM","UP","C",45,"202405_MSM_UP_LysC_45cm",2024,5,21,"","",28.36,2361.16892848222,"",1.99,142.074864172146,"","6/2/2024 7:58:13 AM","Second NPOC Curve did not look good. One duplicate out of range and some checks 
  below expected concentration, but not by much - run okay.",""
"22","COMPASS: Synoptic","CB","GCW","UP","B",10,"202405_GCW_UP_LysB_10cm",2024,5,23,"","",22.36,1861.62684206144,"",0.00022,0.0157067689034533,"blank is ≥ 25% of sample value","6/3/2024 12:19:30 AM","Second NPOC Curve did not look good. One duplicate out of range and some checks 
  below expected concentration, but not by much - run okay.",""
"23","COMPASS: Synoptic","CB","SWH","SWAMP","A",10,"202405_SWH_SWAMP_LysA_10cm",2024,5,15,"","",12.4,1032.38697860295,"",0.3487,24.8952287119736,"","6/1/2024 12:19:44 AM","Second NPOC Curve did not look good. One duplicate out of range and some checks 
  below expected concentration, but not by much - run okay.",""
"24","COMPASS: Synoptic","CB","SWH","SWAMP","A",20,"202405_SWH_SWAMP_LysA_20cm",2024,5,15,"","",11.71,974.939638664558,"",0.4125,29.450191693975,"","6/1/2024 12:44:52 AM","Second NPOC Curve did not look good. One duplicate out of range and some checks 
  below expected concentration, but not by much - run okay.",""
"25","COMPASS: Synoptic","CB","SWH","SWAMP","A",45,"202405_SWH_SWAMP_LysA_45cm",2024,5,15,"","",19.23,1601.0323869786,"",0.8035,57.365403699658,"","6/1/2024 2:12:35 AM","Second NPOC Curve did not look good. One duplicate out of range and some checks 
  below expected concentration, but not by much - run okay.",""
"26","COMPASS: Synoptic","CB","SWH","SWAMP","B",10,"202405_SWH_SWAMP_LysB_10cm",2024,5,15,"","",108.7,9050.03746565648,"value above cal curve",3.514,250.879936030614,"value above cal curve","6/1/2024 2:30:22 AM","Second NPOC Curve did not look good. One duplicate out of range and some checks 
  below expected concentration, but not by much - run okay.",""
"27","COMPASS: Synoptic","CB","SWH","SWAMP","B",20,"202405_SWH_SWAMP_LysB_20cm",2024,5,15,"","",24.1,2006.49404712347,"",0.9743,69.5595679210663,"","6/1/2024 2:56:13 AM","Second NPOC Curve did not look good. One duplicate out of range and some checks 
  below expected concentration, but not by much - run okay.",""
"28","COMPASS: Synoptic","CB","SWH","SWAMP","B",45,"202405_SWH_SWAMP_LysB_45cm",2024,5,15,"","",6.492,540.504537507285,"",0.4909,35.0475129759329,"","6/1/2024 3:21:01 AM","Second NPOC Curve did not look good. One duplicate out of range and some checks 
  below expected concentration, but not by much - run okay.",""
"29","COMPASS: Synoptic","CB","SWH","SWAMP","C",10,"202405_SWH_SWAMP_LysC_10cm",2024,5,15,"","",26.67,2220.46457414037,"",0.6526,46.5919881199711,"","6/1/2024 3:46:20 AM","Second NPOC Curve did not look good. One duplicate out of range and some checks 
  below expected concentration, but not by much - run okay.",""
"30","COMPASS: Synoptic","CB","SWH","SWAMP","C",20,"202405_SWH_SWAMP_LysC_20cm",2024,5,15,"","",26.39,2197.1526101074,"",0.6576,46.9489601405042,"","6/1/2024 4:12:17 AM","Second NPOC Curve did not look good. One duplicate out of range and some checks 
  below expected concentration, but not by much - run okay.",""
"31","COMPASS: Synoptic","CB","SWH","SWAMP","C",45,"202405_SWH_SWAMP_LysC_45cm",2024,5,15,"","",22.04,1834.98459745234,"",0.6351,45.3425860481055,"","6/1/2024 4:37:52 AM","Second NPOC Curve did not look good. One duplicate out of range and some checks 
  below expected concentration, but not by much - run okay.",""
"32","COMPASS: Synoptic","CB","SWH","TR","A",10,"202405_SWH_TR_LysA_10cm",2024,5,15,"","",36.55,3043.04387644659,"",1.465,104.592802016178,"","6/1/2024 5:03:12 AM","Second NPOC Curve did not look good. One duplicate out of range and some checks 
  below expected concentration, but not by much - run okay.",""
"33","COMPASS: Synoptic","CB","SWH","TR","A",20,"202405_SWH_TR_LysA_20cm",2024,5,15,"","",17.5,1456.99775206061,"",2.28,162.779241363062,"","6/1/2024 5:20:11 AM","Second NPOC Curve did not look good. One duplicate out of range and some checks 
  below expected concentration, but not by much - run okay.",""
"34","COMPASS: Synoptic","CB","SWH","TR","A",45,"202405_SWH_TR_LysA_45cm",2024,5,15,"","",16.36,1362.08475564066,"",2.76,197.048555334233,"","6/1/2024 5:38:27 AM","Second NPOC Curve did not look good. One duplicate out of range and some checks 
  below expected concentration, but not by much - run okay.",""
"35","COMPASS: Synoptic","CB","SWH","TR","B",10,"202405_SWH_TR_LysB_10cm",2024,5,15,"","",13.04,1085.67146782116,"",0.5977,42.6724353345185,"","6/1/2024 7:08:55 AM","Second NPOC Curve did not look good. One duplicate out of range and some checks 
  below expected concentration, but not by much - run okay.",""
"36","COMPASS: Synoptic","CB","SWH","TR","B",20,"202405_SWH_TR_LysB_20cm",2024,5,15,"","",21.74,1810.0074931313,"",2.093,149.428487795127,"","6/1/2024 7:34:26 AM","Second NPOC Curve did not look good. One duplicate out of range and some checks 
  below expected concentration, but not by much - run okay.",""
"37","COMPASS: Synoptic","CB","SWH","TR","B",45,"202405_SWH_TR_LysB_45cm",2024,5,15,"","",25.04,2084.75564066273,"",2.923,208.68584320361,"","6/1/2024 7:52:10 AM","Second NPOC Curve did not look good. One duplicate out of range and some checks 
  below expected concentration, but not by much - run okay.",""
"38","COMPASS: Synoptic","CB","SWH","TR","C",10,"202405_SWH_TR_LysC_10cm",2024,5,15,"","",13.38,1113.97885271834,"",0.5602,39.9951451805208,"","6/1/2024 8:09:14 AM","Second NPOC Curve did not look good. One duplicate out of range and some checks 
  below expected concentration, but not by much - run okay.",""
"39","COMPASS: Synoptic","CB","SWH","TR","C",20,"202405_SWH_TR_LysC_20cm",2024,5,15,"","",17.6,1465.32345350096,"",1.557,111.161087193986,"","6/1/2024 8:27:00 AM","Second NPOC Curve did not look good. One duplicate out of range and some checks 
  below expected concentration, but not by much - run okay.",""
"40","COMPASS: Synoptic","CB","SWH","TR","C",45,"202405_SWH_TR_LysC_45cm",2024,5,15,"","",20.1,1673.46598950962,"",1.566,111.803636830945,"","6/1/2024 8:54:57 AM","Second NPOC Curve did not look good. One duplicate out of range and some checks 
  below expected concentration, but not by much - run okay.",""
"41","COMPASS: Synoptic","CB","GWI","TR","A",10,"202405_GWI_TR_LysA_10cm",2024,5,16,"","",38.56,3210.39047539755,"",1.172,83.6742416129424,"","6/1/2024 8:03:04 PM","Second NPOC Curve did not look good. One duplicate out of range and some checks 
  below expected concentration, but not by much - run okay.",""
"42","COMPASS: Synoptic","CB","GWI","TR","A",20,"202405_GWI_TR_LysA_20cm",2024,5,16,"","",71.88,5984.51419532096,"",1.828,130.508970706876,"","6/1/2024 8:20:34 PM","Second NPOC Curve did not look good. One duplicate out of range and some checks 
  below expected concentration, but not by much - run okay.",""
"43","COMPASS: Synoptic","CB","GWI","TR","B",10,"202405_GWI_TR_LysB_10cm",2024,5,16,"","",24.29,2022.31287986013,"",0.7586,54.1597949552714,"","6/1/2024 8:45:10 PM","Second NPOC Curve did not look good. One duplicate out of range and some checks 
  below expected concentration, but not by much - run okay.",""
"44","COMPASS: Synoptic","CB","GWI","TR","B",20,"202405_GWI_TR_LysB_20cm",2024,5,16,"","",59.76,4975.43918075098,"",1.541,110.01877672828,"","6/1/2024 9:10:10 PM","Second NPOC Curve did not look good. One duplicate out of range and some checks 
  below expected concentration, but not by much - run okay.",""
"45","COMPASS: Synoptic","CB","GWI","TR","B",45,"202405_GWI_TR_LysB_45cm",2024,5,16,"","",27.12,2257.93023062193,"",0.8442,60.2711559467969,"","6/1/2024 9:35:31 PM","Second NPOC Curve did not look good. One duplicate out of range and some checks 
  below expected concentration, but not by much - run okay.",""
"46","COMPASS: Synoptic","CB","GWI","TR","C",10,"202405_GWI_TR_LysC_10cm",2024,5,16,"","",17.74,1476.97943551744,"",0.5719,40.830459708568,"","6/1/2024 10:00:41 PM","Second NPOC Curve did not look good. One duplicate out of range and some checks 
  below expected concentration, but not by much - run okay.",""
"47","COMPASS: Synoptic","CB","GWI","TR","C",20,"202405_GWI_TR_LysC_20cm",2024,5,16,"","",25.39,2113.89559570394,"",0.7521,53.6957313285785,"","6/1/2024 10:26:33 PM","Second NPOC Curve did not look good. One duplicate out of range and some checks 
  below expected concentration, but not by much - run okay.",""
"48","COMPASS: Synoptic","CB","MSM","TR","A",10,"202405_MSM_TR_LysA_10cm",2024,5,21,"","",127.2,10590.2922321206,"value above cal curve",3.603,257.234037996102,"value above cal curve","6/2/2024 8:24:20 AM","Second NPOC Curve did not look good. One duplicate out of range and some checks 
  below expected concentration, but not by much - run okay.",""
"49","COMPASS: Synoptic","CB","MSM","TR","A",20,"202405_MSM_TR_LysA_20cm",2024,5,21,"","",35.79,2979.76854549996,"",2.972,212.184169004833,"","6/2/2024 9:01:50 AM","Second NPOC Curve did not look good. One duplicate out of range and some checks 
  below expected concentration, but not by much - run okay.",""
"50","COMPASS: Synoptic","CB","MSM","TR","B",10,"202405_MSM_TR_LysB_10cm",2024,5,21,"","",78.77,6558.15502456082,"",0.00177,0.126368095268693,"blank is ≥ 25% of sample value","6/2/2024 10:19:48 AM","Second NPOC Curve did not look good. One duplicate out of range and some checks 
  below expected concentration, but not by much - run okay.",""
"51","COMPASS: Synoptic","CB","MSM","TR","B",20,"202405_MSM_TR_LysB_20cm",2024,5,21,"","",65.3,5436.68304054617,"",3.256,232.46017977111,"value above cal curve","6/2/2024 10:39:47 AM","Second NPOC Curve did not look good. One duplicate out of range and some checks 
  below expected concentration, but not by much - run okay.",""
"52","COMPASS: Synoptic","CB","MSM","TR","C",20,"202405_MSM_TR_LysC_20cm",2024,5,21,"","",37.07,3086.33752393639,"",0.01339,0.955971070987456,"blank is ≥ 25% of sample value","6/2/2024 11:08:23 AM","Second NPOC Curve did not look good. One duplicate out of range and some checks 
  below expected concentration, but not by much - run okay.",""
"53","COMPASS: Synoptic","CB","MSM","TR","C",45,"202405_MSM_TR_LysC_45cm",2024,5,21,"","",18.49,1539.42219632004,"",1.915,136.720283864151,"","6/2/2024 11:26:42 AM","Second NPOC Curve did not look good. One duplicate out of range and some checks 
  below expected concentration, but not by much - run okay.",""
"54","COMPASS: Synoptic","CB","GCW","TR","B",10,"202405_GCW_TR_LysB_10cm",2024,5,23,"","",41.98,3495.1294646574,"",0.8432,60.1997615426903,"","6/2/2024 5:07:48 PM","Second NPOC Curve did not look good. One duplicate out of range and some checks 
  below expected concentration, but not by much - run okay.",""
"55","COMPASS: Synoptic","CB","GCW","TR","B",20,"202405_GCW_TR_LysB_20cm",2024,5,23,"","",21.32,1775.03954708184,"",0.8306,59.300192050947,"","6/2/2024 5:38:18 PM","Second NPOC Curve did not look good. One duplicate out of range and some checks 
  below expected concentration, but not by much - run okay.",""
"56","COMPASS: Synoptic","CB","GCW","TR","C",10,"202405_GCW_TR_LysC_10cm",2024,5,23,"","",10.71,891.682624261094,"",0.3841,27.4225906173474,"","6/2/2024 6:03:45 PM","Second NPOC Curve did not look good. One duplicate out of range and some checks 
  below expected concentration, but not by much - run okay.",""
"57","COMPASS: Synoptic","CB","GCW","TR","C",20,"202405_GCW_TR_LysC_20cm",2024,5,23,"","",89.21,7427.35825493298,"",0.1686,12.0370965323738,"","6/2/2024 6:34:09 PM","Second NPOC Curve did not look good. One duplicate out of range and some checks 
  below expected concentration, but not by much - run okay.",""
"58","COMPASS: Synoptic","CB","MSM","TR","B",45,"202405_MSM_TR_LysB_45cm",2024,5,21,"","",47.28,3936.39164099575,"",-0.01257,-0.897427659620039,"blank is ≥ 25% of sample value","6/3/2024 12:47:26 AM","Second NPOC Curve did not look good. One duplicate out of range and some checks 
  below expected concentration, but not by much - run okay.",""
"59","COMPASS: Synoptic","CB","SWH","WC","A",10,"202405_SWH_WC_LysA_10cm",2024,5,15,"","",18.84,1568.56215136125,"",0.6611,47.1988405548773,"","6/1/2024 9:20:52 AM","Second NPOC Curve did not look good. One duplicate out of range and some checks 
  below expected concentration, but not by much - run okay.",""
"60","COMPASS: Synoptic","CB","SWH","WC","A",20,"202405_SWH_WC_LysA_20cm",2024,5,15,"","",22.04,1834.98459745234,"",0.6764,48.2911749377084,"","6/1/2024 9:48:15 AM","Second NPOC Curve did not look good. One duplicate out of range and some checks 
  below expected concentration, but not by much - run okay.",""
"61","COMPASS: Synoptic","CB","SWH","WC","A",45,"202405_SWH_WC_LysA_45cm",2024,5,15,"","",10.96,912.49687786196,"",0.3437,24.5382566914405,"","6/1/2024 11:09:41 AM","Second NPOC Curve did not look good. One duplicate out of range and some checks 
  below expected concentration, but not by much - run okay.",""
"62","COMPASS: Synoptic","CB","SWH","WC","B",10,"202405_SWH_WC_LysB_10cm",2024,5,15,"","",13.74,1143.95137790359,"",0.5769,41.1874317291011,"","6/1/2024 11:36:17 AM","Second NPOC Curve did not look good. One duplicate out of range and some checks 
  below expected concentration, but not by much - run okay.",""
"63","COMPASS: Synoptic","CB","SWH","WC","B",20,"202405_SWH_WC_LysB_20cm",2024,5,15,"","",16.8,1398.71784197819,"",0.6101,43.5577259454404,"","6/1/2024 12:02:28 PM","Second NPOC Curve did not look good. One duplicate out of range and some checks 
  below expected concentration, but not by much - run okay.",""
"64","COMPASS: Synoptic","CB","SWH","WC","B",45,"202405_SWH_WC_LysB_45cm",2024,5,15,"","",10.21,850.054117059362,"",0.372,26.5587183276575,"","6/1/2024 1:32:48 PM","Second NPOC Curve did not look good. One duplicate out of range and some checks 
  below expected concentration, but not by much - run okay.",""
"65","COMPASS: Synoptic","CB","SWH","WC","C",20,"202405_SWH_WC_LysC_20cm",2024,5,15,"","",22.56,1878.27824494214,"",1.444,103.093519529939,"","6/1/2024 1:59:11 PM","Second NPOC Curve did not look good. One duplicate out of range and some checks 
  below expected concentration, but not by much - run okay.",""
"66","COMPASS: Synoptic","CB","SWH","WC","C",45,"202405_SWH_WC_LysC_45cm",2024,5,15,"","",10.86,904.171176421614,"",0.5355,38.2317033990876,"","6/1/2024 2:25:07 PM","Second NPOC Curve did not look good. One duplicate out of range and some checks 
  below expected concentration, but not by much - run okay.",""
"67","COMPASS: Synoptic","CB","GWI","WC","A",10,"202405_GWI_WC_LysA_10cm",2024,5,16,"","",33.93,2824.91049870952,"",1.372,97.9531224342636,"","6/1/2024 11:55:57 PM","Second NPOC Curve did not look good. One duplicate out of range and some checks 
  below expected concentration, but not by much - run okay.",""
"68","COMPASS: Synoptic","CB","GWI","WC","A",20,"202405_GWI_WC_LysA_20cm",2024,5,16,"","",48.64,4049.62118058446,"",1.73,123.512319104429,"","6/2/2024 12:13:56 AM","Second NPOC Curve did not look good. One duplicate out of range and some checks 
  below expected concentration, but not by much - run okay.",""
"69","COMPASS: Synoptic","CB","GWI","WC","A",45,"202405_GWI_WC_LysA_45cm",2024,5,16,"","",33.67,2803.26367496462,"",1.258,89.8141603661105,"","6/2/2024 12:40:53 AM","Second NPOC Curve did not look good. One duplicate out of range and some checks 
  below expected concentration, but not by much - run okay.",""
"70","COMPASS: Synoptic","CB","GWI","WC","B",10,"202405_GWI_WC_LysB_10cm",2024,5,16,"","",35.9,2988.92681708434,"",1.399,99.880771345142,"","6/2/2024 1:08:36 AM","Second NPOC Curve did not look good. One duplicate out of range and some checks 
  below expected concentration, but not by much - run okay.",""
"71","COMPASS: Synoptic","CB","GWI","WC","B",20,"202405_GWI_WC_LysB_20cm",2024,5,16,"","",39.39,3279.49379735243,"",1.455,103.878857975112,"","6/2/2024 1:25:28 AM","Second NPOC Curve did not look good. One duplicate out of range and some checks 
  below expected concentration, but not by much - run okay.",""
"72","COMPASS: Synoptic","CB","GWI","WC","B",45,"202405_GWI_WC_LysB_45cm",2024,5,16,"","",47.12,3923.0705186912,"",1.521,108.590888646148,"","6/2/2024 1:53:15 AM","Second NPOC Curve did not look good. One duplicate out of range and some checks 
  below expected concentration, but not by much - run okay.",""
"73","COMPASS: Synoptic","CB","GWI","WC","C",10,"202405_GWI_WC_LysC_10cm",2024,5,16,"","",32.77,2728.3323620015,"",1.366,97.524756009624,"","6/2/2024 2:18:52 AM","Second NPOC Curve did not look good. One duplicate out of range and some checks 
  below expected concentration, but not by much - run okay.",""
"74","COMPASS: Synoptic","CB","GWI","WC","C",20,"202405_GWI_WC_LysC_20cm",2024,5,16,"","",58.75,4891.34959620348,"",1.925,137.434227905217,"","6/2/2024 2:44:46 AM","Second NPOC Curve did not look good. One duplicate out of range and some checks 
  below expected concentration, but not by much - run okay.",""
"75","COMPASS: Synoptic","CB","MSM","WC","A",10,"202405_MSM_WC_LysA_10cm",2024,5,21,"","",12.28,1022.39613687453,"",0.6736,48.0912706062099,"","6/2/2024 11:53:01 AM","Second NPOC Curve did not look good. One duplicate out of range and some checks 
  below expected concentration, but not by much - run okay.",""
"76","COMPASS: Synoptic","CB","MSM","WC","A",20,"202405_MSM_WC_LysA_20cm",2024,5,21,"","",18.99,1581.05070352177,"",1.116,79.6761549829724,"","6/2/2024 12:19:32 PM","Second NPOC Curve did not look good. One duplicate out of range and some checks 
  below expected concentration, but not by much - run okay.",""
"77","COMPASS: Synoptic","CB","MSM","WC","B",10,"202405_MSM_WC_LysB_10cm",2024,5,21,"","",18.09,1506.11939055865,"",0.9562,68.2673292067368,"","6/2/2024 12:44:44 PM","Second NPOC Curve did not look good. One duplicate out of range and some checks 
  below expected concentration, but not by much - run okay.",""
"78","COMPASS: Synoptic","CB","MSM","WC","B",20,"202405_MSM_WC_LysB_20cm",2024,5,21,"","",24.87,2070.60194821414,"",1.524,108.805071858468,"","6/2/2024 1:10:21 PM","Second NPOC Curve did not look good. One duplicate out of range and some checks 
  below expected concentration, but not by much - run okay.",""
"79","COMPASS: Synoptic","CB","MSM","WC","C",10,"202405_MSM_WC_LysC_10cm",2024,5,21,"","",18.94,1576.8878528016,"",-0.00904,-0.645405413123719,"blank is ≥ 25% of sample value","6/2/2024 1:35:45 PM","Second NPOC Curve did not look good. One duplicate out of range and some checks 
  below expected concentration, but not by much - run okay.",""
"80","COMPASS: Synoptic","CB","MSM","WC","C",20,"202405_MSM_WC_LysC_20cm",2024,5,21,"","",43.62,3631.67096827908,"",2.879,205.544489422919,"","6/2/2024 2:57:55 PM","Second NPOC Curve did not look good. One duplicate out of range and some checks 
  below expected concentration, but not by much - run okay.",""
"81","COMPASS: Synoptic","CB","GCW","WC","A",10,"202405_GCW_WC_LysA_10cm",2024,5,23,"","",18.51,1541.08733660811,"",1.372,97.9531224342636,"","6/2/2024 7:01:09 PM","Second NPOC Curve did not look good. One duplicate out of range and some checks 
  below expected concentration, but not by much - run okay.",""
"82","COMPASS: Synoptic","CB","GCW","WC","A",20,"202405_GCW_WC_LysA_20cm",2024,5,23,"","",18.31,1524.43593372742,"",1.909,136.291917439511,"","6/2/2024 7:30:52 PM","Second NPOC Curve did not look good. One duplicate out of range and some checks 
  below expected concentration, but not by much - run okay.",""
"83","COMPASS: Synoptic","CB","GCW","WC","A",45,"202405_GCW_WC_LysA_45cm",2024,5,23,"","",22.84,1901.59020897511,"",-0.01174,-0.838170304211556,"blank is ≥ 25% of sample value","6/2/2024 7:59:48 PM","Second NPOC Curve did not look good. One duplicate out of range and some checks 
  below expected concentration, but not by much - run okay.",""
"84","COMPASS: Synoptic","CB","GCW","WC","B",10,"202405_GCW_WC_LysB_10cm",2024,5,23,"","",16.62,1383.73157938556,"",1.781,127.153433713865,"","6/2/2024 8:27:24 PM","Second NPOC Curve did not look good. One duplicate out of range and some checks 
  below expected concentration, but not by much - run okay.",""
"85","COMPASS: Synoptic","CB","GCW","WC","B",20,"202405_GCW_WC_LysB_20cm",2024,5,23,"","",17.63,1467.82116393306,"",2.026,144.645062719984,"","6/2/2024 8:54:19 PM","Second NPOC Curve did not look good. One duplicate out of range and some checks 
  below expected concentration, but not by much - run okay.",""
"86","COMPASS: Synoptic","CB","GCW","WC","B",45,"202405_GCW_WC_LysB_45cm",2024,5,23,"","",19.03,1584.38098409791,"",3.508,250.451569605974,"value above cal curve","6/2/2024 9:24:05 PM","Second NPOC Curve did not look good. One duplicate out of range and some checks 
  below expected concentration, but not by much - run okay.",""
"87","COMPASS: Synoptic","CB","GCW","WC","C",10,"202405_GCW_WC_LysC_10cm",2024,5,23,"","",-0.1777,-14.7947714594955,"blank is ≥ 25% of sample value",0.5689,40.6162764962482,"","6/2/2024 9:49:08 PM","Second NPOC Curve did not look good. One duplicate out of range and some checks 
  below expected concentration, but not by much - run okay.",""
"88","COMPASS: Synoptic","CB","GCW","WC","C",20,"202405_GCW_WC_LysC_20cm",2024,5,23,"","",-0.2012,-16.7513112979769,"blank is ≥ 25% of sample value",0.4515,32.2345734541327,"","6/2/2024 10:20:18 PM","Second NPOC Curve did not look good. One duplicate out of range and some checks 
  below expected concentration, but not by much - run okay.",""
"89","COMPASS: Synoptic","CB","GCW","WC","C",45,"202405_GCW_WC_LysC_45cm",2024,5,23,"","",13.04,1085.67146782116,"",1.061,75.7494627571091,"","6/2/2024 10:46:40 PM","Second NPOC Curve did not look good. One duplicate out of range and some checks 
  below expected concentration, but not by much - run okay.",""
"90","COMPASS: Synoptic","CB","SWH","SW","A",0,"202405_SWH_SW_A",2024,5,15,"","",5.148,428.60711014903,"",0.474,33.8409475465313,"","6/1/2024 2:52:28 PM","Second NPOC Curve did not look good. One duplicate out of range and some checks 
  below expected concentration, but not by much - run okay.",""
"91","COMPASS: Synoptic","CB","SWH","SW","B",0,"202405_SWH_SW_B",2024,5,15,"","",4.959,412.871534426775,"",0.4468,31.8990197548316,"","6/1/2024 3:19:13 PM","Second NPOC Curve did not look good. One duplicate out of range and some checks 
  below expected concentration, but not by much - run okay.",""
"92","COMPASS: Synoptic","CB","SWH","SW","C",0,"202405_SWH_SW_C",2024,5,15,"","",4.993,415.702272916493,"",0.4185,29.8785581186147,"","6/1/2024 3:42:56 PM","Second NPOC Curve did not look good. One duplicate out of range and some checks 
  below expected concentration, but not by much - run okay.",""
"93","COMPASS: Synoptic","CB","GWI","SW","A",0,"202405_GWI_SW_A",2024,5,16,"","",5.912,492.215469153276,"",0.4142,29.5715621809563,"","6/2/2024 3:09:36 AM","Second NPOC Curve did not look good. One duplicate out of range and some checks 
  below expected concentration, but not by much - run okay.",""
"94","COMPASS: Synoptic","CB","GWI","SW","B",0,"202405_GWI_SW_B",2024,5,16,"","",5.894,490.716842894014,"",0.3852,27.5011244618647,"","6/2/2024 3:31:13 AM","Second NPOC Curve did not look good. One duplicate out of range and some checks 
  below expected concentration, but not by much - run okay.",""
"95","COMPASS: Synoptic","CB","GWI","SW","C",0,"202405_GWI_SW_C",2024,5,16,"","",5.57,463.741570227292,"",0.3805,27.1655707625636,"","6/2/2024 5:06:59 AM","Second NPOC Curve did not look good. One duplicate out of range and some checks 
  below expected concentration, but not by much - run okay.",""
"96","COMPASS: Synoptic","CB","MSM","SW","A",0,"202405_MSM_SW_A",2024,5,21,"","",7.269,605.195237698776,"",0.5596,39.9523085380568,"","6/2/2024 3:24:35 PM","Second NPOC Curve did not look good. One duplicate out of range and some checks 
  below expected concentration, but not by much - run okay.",""
"97","COMPASS: Synoptic","CB","MSM","SW","B",0,"202405_MSM_SW_B",2024,5,21,"","",6.998,582.632586795438,"",0.5423,38.7171853470125,"","6/2/2024 4:15:06 PM","Second NPOC Curve did not look good. One duplicate out of range and some checks 
  below expected concentration, but not by much - run okay.",""
"98","COMPASS: Synoptic","CB","MSM","SW","C",0,"202405_MSM_SW_C",2024,5,21,"","",-0.1941,-16.1601864957123,"blank is ≥ 25% of sample value",0.5889,42.0441645783803,"","6/2/2024 4:40:04 PM","Second NPOC Curve did not look good. One duplicate out of range and some checks 
  below expected concentration, but not by much - run okay.",""
"99","COMPASS: Synoptic","CB","GCW","SW","A",0,"202405_GCW_SW_A",2024,5,23,"","",8.489,706.768795271002,"",0.285,20.3474051703827,"","6/2/2024 11:14:06 PM","Second NPOC Curve did not look good. One duplicate out of range and some checks 
  below expected concentration, but not by much - run okay.",""
"100","COMPASS: Synoptic","CB","GCW","SW","B",0,"202405_GCW_SW_B",2024,5,23,"","",8.069,671.800849221547,"",0.3583,25.580614991397,"","6/2/2024 11:37:36 PM","Second NPOC Curve did not look good. One duplicate out of range and some checks 
  below expected concentration, but not by much - run okay.",""
"101","COMPASS: Synoptic","CB","GCW","SW","C",0,"202405_GCW_SW_C",2024,5,23,"","",-0.1982,-16.5015402547665,"blank is ≥ 25% of sample value",-0.00266,-0.189909114923572,"blank is ≥ 25% of sample value","6/2/2024 11:54:29 PM","Second NPOC Curve did not look good. One duplicate out of range and some checks 
  below expected concentration, but not by much - run okay.",""
