RUNSTARTED,1685907002,6/4/2023 15:30,,,,,,,,,,,,
RUNSTARTED,1685907136,6/4/2023 15:32,,,,,,,,,,,,
RESULT,-1,S1,Standard 1,0,0.054678,0.054678,0,0,0,0,mg N/L,Ammonia 2,1685908481,6/4/2023 15:54
RESULT,-2,S90,Standard .0389,1,0.074239,0.074239,0,0,0,0,mg N/L,Ammonia 2,1685908641,6/4/2023 15:57
RESULT,-2,S91,Standard .1000,2,0.102754,0.102754,0,0,0,0,mg N/L,Ammonia 2,1685908801,6/4/2023 16:00
RESULT,-2,S92,Standard .2000,3,0.155533,0.155533,0,0,0,0,mg N/L,Ammonia 2,1685908961,6/4/2023 16:02
RESULT,-2,S93,Standard .5000,4,0.303239,0.303239,0,0,0,0,mg N/L,Ammonia 2,1685909121,6/4/2023 16:05
RESULT,-2,S94,Standard 1.0000,5,0.55855,0.55855,0,0,0,0,mg N/L,Ammonia 2,1685909281,6/4/2023 16:08
RESULT,-2,S95,Standard 1.5000,6,0.815726,0.815726,0,0,0,0,mg N/L,Ammonia 2,1685909441,6/4/2023 16:10
RESULT,-2,S96,Standard 2.0000,7,1.055146,1.055146,0,0,0,0,mg N/L,Ammonia 2,1685909601,6/4/2023 16:13
RESULT,-1,S0,Standard 0,8,0.05403,0.05403,0,0,0,0,mg N/L,Ammonia 2,1685909761,6/4/2023 16:16
CALIBRATION,Ammonia 2,1685909761,6/4/2023 16:16,,,,,,,,,,,
RESULT,-3,C11,1mg/L ammonia,9,1.048213,0.581552,0,0,0,0,mg N/L,Ammonia 2,1685909921,6/4/2023 16:18
QCPRORESULT,NORMAL,0,1685909921,,,,,,,,,,,
QCPRODECISION,IN,1685909921,,,,,,,,,,,,
RESULT,-3,C12,Blank,10,-0.000293,0.054153,0,0,0,0,mg N/L,Ammonia 2,1685910081,6/4/2023 16:21
QCPRORESULT,NORMAL,0,1685910081,,,,,,,,,,,
QCPRODECISION,IN,1685910081,,,,,,,,,,,,
RESULT,5,U1,GWI_202304_SW_A,11,0.224756,0.167353,0,0,0,0,mg N/L,Ammonia 2,1685910241,6/4/2023 16:24
RESULT,6,U2,GWI_202304_SW_B,12,0.202248,0.156031,0,0,0,0,mg N/L,Ammonia 2,1685910401,6/4/2023 16:26
RESULT,7,U3,GWI_202304_SW_C,13,0.205539,0.157686,0,0,0,0,mg N/L,Ammonia 2,1685910561,6/4/2023 16:29
RESULT,8,U4,MSM_202304_UP_LysA_20cm,14,1.293663,0.705014,0,0,0,0,mg N/L,Ammonia 2,1685910721,6/4/2023 16:32
RESULT,9,U5,MSM_202304_UP_LysA_45cm,15,1.180041,0.647862,0,0,0,0,mg N/L,Ammonia 2,1685910881,6/4/2023 16:34
RESULT,10,U6,MSM_202304_UP_LysB_10cm,16,0.055432,0.082182,0,0,0,0,mg N/L,Ammonia 2,1685911041,6/4/2023 16:37
RESULT,11,U7,MSM_202304_UP_LysB_20cm,17,0.310648,0.210556,0,0,0,0,mg N/L,Ammonia 2,1685911201,6/4/2023 16:40
RESULT,12,U8,MSM_202304_UP_LysB_45cm,18,0.651014,0.381761,0,0,0,0,mg N/L,Ammonia 2,1685911361,6/4/2023 16:42
RESULT,13,U9,MSM_202304_UP_LysC_10cm,19,0.411369,0.261219,0,0,0,0,mg N/L,Ammonia 2,1685911521,6/4/2023 16:45
RESULT,13,C13,Duplicate,20,0.410334,0.260698,0,0,0,0,mg N/L,Ammonia 2,1685911681,6/4/2023 16:48
QCPRORESULT,DUPLICATE,0.251801,1685911681,,,,,,,,,,,
QCPRODECISION,IN,1685911681,,,,,,,,,,,,
RESULT,-3,C11,1mg/L ammonia,21,1.051798,0.583355,0,0,0,0,mg N/L,Ammonia 2,1685911841,6/4/2023 16:50
QCPRORESULT,NORMAL,0,1685911841,,,,,,,,,,,
QCPRODECISION,IN,1685911841,,,,,,,,,,,,
RESULT,-3,C12,Blank,22,0.002053,0.055333,0,0,0,0,mg N/L,Ammonia 2,1685912001,6/4/2023 16:53
QCPRORESULT,NORMAL,0,1685912001,,,,,,,,,,,
QCPRODECISION,IN,1685912001,,,,,,,,,,,,
RESULT,14,U10,MSM_202304_UP_LysC_20cm,23,1.412201,0.764638,0,0,0,0,mg N/L,Ammonia 2,1685912161,6/4/2023 16:56
RESULT,14,C14,Auto Spike,24,2.27322,1.02331,0,0,0,0,mg N/L,Ammonia 2,1685912321,6/4/2023 16:58
QCPRORESULT,AUTO SPIKE,86.101929,1685912321,,,,,,,,,,,
QCPRODECISION,IN,1685912321,,,,,,,,,,,,
RESULT,15,U11,MSM_202304_TR_LysA_10cm,25,0.061516,0.085243,0,0,0,0,mg N/L,Ammonia 2,1685912481,6/4/2023 17:01
RESULT,16,U12,MSM_202304_TR_LysA_20cm,26,1.655024,0.886779,0,0,0,0,mg N/L,Ammonia 2,1685912641,6/4/2023 17:04
RESULT,17,U13,MSM_202304_TR_LysA_45cm,27,1.101478,0.608345,0,0,0,0,mg N/L,Ammonia 2,1685912801,6/4/2023 17:06
RESULT,18,U14,MSM_202304_TR_LysB_10cm,28,0.173016,0.141327,0,0,0,0,mg N/L,Ammonia 2,1685912961,6/4/2023 17:09
RESULT,19,U15,MSM_202304_TR_LysB_20cm,29,1.141872,0.628662,0,0,0,0,mg N/L,Ammonia 2,1685913121,6/4/2023 17:12
RESULT,20,U16,MSM_202304_TR_LysB_45cm,30,1.508024,0.812837,0,0,0,0,mg N/L,Ammonia 2,1685913281,6/4/2023 17:14
RESULT,21,U17,MSM_202304_TR_LysC_10cm,31,0.395239,0.253105,0,0,0,0,mg N/L,Ammonia 2,1685913441,6/4/2023 17:17
RESULT,22,U18,MSM_202304_TR_LysC_20cm,32,1.768716,0.943966,0,0,0,0,mg N/L,Ammonia 2,1685913601,6/4/2023 17:20
RESULT,-3,C11,1mg/L ammonia,33,1.041633,0.578242,0,0,0,0,mg N/L,Ammonia 2,1685913761,6/4/2023 17:22
QCPRORESULT,NORMAL,0,1685913761,,,,,,,,,,,
QCPRODECISION,IN,1685913761,,,,,,,,,,,,
RESULT,-3,C12,Blank,34,-0.048793,0.029757,0,0,0,0,mg N/L,Ammonia 2,1685913921,6/4/2023 17:25
QCPRORESULT,NORMAL,0.009893,1685913921,,,,,,,,,,,
QCPRODECISION,OUT,1685913921,,,,,,,,,,,,
QCPROACTION,CONTINUE,1685913921,,,,,,,,,,,,
RESULT,23,U19,MSM_202304_TR_LysC_45cm,35,1.6932,0.905981,0,0,0,0,mg N/L,Ammonia 2,1685914081,6/4/2023 17:28
RESULT,23,C13,Duplicate,36,1.71471,0.916801,0,0,0,0,mg N/L,Ammonia 2,1685914241,6/4/2023 17:30
QCPRORESULT,DUPLICATE,1.262371,1685914241,,,,,,,,,,,
QCPRODECISION,IN,1685914241,,,,,,,,,,,,
RESULT,24,U20,MSM_202304_WC_LysA_10cm,37,-0.002459,0.053063,0,0,0,18,mg N/L,Ammonia 2,1685914401,6/4/2023 17:33
RESULT,24,C14,Auto Spike,38,1.375245,0.640528,0,0,0,0,mg N/L,Ammonia 2,1685914561,6/4/2023 17:36
QCPRORESULT,AUTO SPIKE,137.770325,1685914561,,,,,,,,,,,
QCPRODECISION,IN,1685914561,,,,,,,,,,,,
RESULT,25,U21,MSM_202304_WC_LysA_20cm,39,0.37939,0.245133,0,0,0,0,mg N/L,Ammonia 2,1685914721,6/4/2023 17:38
RESULT,26,U22,MSM_202304_WC_LysA_45cm,40,0.264459,0.187323,0,0,0,0,mg N/L,Ammonia 2,1685914881,6/4/2023 17:41
RESULT,27,U23,MSM_202304_WC_LysB_10cm,41,0.179774,0.144726,0,0,0,0,mg N/L,Ammonia 2,1685915041,6/4/2023 17:44
RESULT,28,U24,MSM_202304_WC_LysB_20cm,42,0.199648,0.154723,0,0,0,0,mg N/L,Ammonia 2,1685915201,6/4/2023 17:46
RESULT,29,U25,MSM_202304_WC_LysC_10cm,43,0.331774,0.221182,0,0,0,0,mg N/L,Ammonia 2,1685915361,6/4/2023 17:49
RESULT,30,U26,MSM_202304_WC_LysC_20cm,44,1.153183,0.634352,0,0,0,0,mg N/L,Ammonia 2,1685915521,6/4/2023 17:52
RESULT,-3,C11,1mg/L ammonia,45,1.028602,0.571688,0,0,0,0,mg N/L,Ammonia 2,1685915681,6/4/2023 17:54
QCPRORESULT,NORMAL,0,1685915681,,,,,,,,,,,
QCPRODECISION,IN,1685915681,,,,,,,,,,,,
RESULT,-3,C12,Blank,46,-0.047551,0.030382,0,0,0,0,mg N/L,Ammonia 2,1685915841,6/4/2023 17:57
QCPRORESULT,NORMAL,0.008651,1685915841,,,,,,,,,,,
QCPRODECISION,OUT,1685915841,,,,,,,,,,,,
QCPROACTION,CONTINUE,1685915841,,,,,,,,,,,,
RESULT,31,U27,MSM_202304_WC_LysC_45cm,47,2.01502,1.067857,0,0,0,19,mg N/L,Ammonia 2,1685916001,6/4/2023 18:00
AUTODILUTION,APPROVED,1685916001,,,,,,,,,,,,
AUTODILUTION,ADDED,1685916001,,,,,,,,,,,,
RESULT,32,U28,MSM_202304_SW_A,48,0.152359,0.130936,0,0,0,0,mg N/L,Ammonia 2,1685916161,6/4/2023 18:02
RESULT,33,U29,MSM_202304_SW_B,49,0.157535,0.13354,0,0,0,0,mg N/L,Ammonia 2,1685916321,6/4/2023 18:05
RESULT,33,C13,Duplicate,50,0.13348,0.121441,0,0,0,0,mg N/L,Ammonia 2,1685916481,6/4/2023 18:08
QCPRORESULT,DUPLICATE,16.531507,1685916481,,,,,,,,,,,
QCPRODECISION,OUT,1685916481,,,,,,,,,,,,
QCPROACTION,CONTINUE,1685916481,,,,,,,,,,,,
RESULT,34,U30,MSM_202304_SW_C,51,0.138848,0.12414,0,0,0,0,mg N/L,Ammonia 2,1685916641,6/4/2023 18:10
RESULT,34,C14,Auto Spike,52,1.564307,0.72112,0,0,0,0,mg N/L,Ammonia 2,1685916801,6/4/2023 18:13
QCPRORESULT,AUTO SPIKE,142.545914,1685916801,,,,,,,,,,,
QCPRODECISION,IN,1685916801,,,,,,,,,,,,
RESULT,35,U31,TEMPEST_20230515_CON_F6,53,-0.046479,0.030921,0,0,0,18,mg N/L,Ammonia 2,1685916961,6/4/2023 18:16
RESULT,36,U32,TEMPEST_20230515_CON_C6,54,-0.043619,0.032359,0,0,0,18,mg N/L,Ammonia 2,1685917121,6/4/2023 18:18
RESULT,37,U33,TEMPEST_20230515_CON_H6,55,-0.037608,0.035383,0,0,0,18,mg N/L,Ammonia 2,1685917281,6/4/2023 18:21
RESULT,38,U34,TEMPEST_20230515_FW_B4,56,-0.03547,0.036458,0,0,0,18,mg N/L,Ammonia 2,1685917441,6/4/2023 18:24
RESULT,-3,C11,1mg/L ammonia,57,1.045194,0.580033,0,0,0,0,mg N/L,Ammonia 2,1685917601,6/4/2023 18:26
QCPRORESULT,NORMAL,0,1685917601,,,,,,,,,,,
QCPRODECISION,IN,1685917601,,,,,,,,,,,,
RESULT,-3,C12,Blank,58,-0.046179,0.031072,0,0,0,0,mg N/L,Ammonia 2,1685917761,6/4/2023 18:29
QCPRORESULT,NORMAL,0.007279,1685917761,,,,,,,,,,,
QCPRODECISION,OUT,1685917761,,,,,,,,,,,,
QCPROACTION,CONTINUE,1685917761,,,,,,,,,,,,
RESULT,39,U35,TEMPEST_20230515_FW_C3,59,-0.041799,0.033275,0,0,0,18,mg N/L,Ammonia 2,1685917922,6/4/2023 18:32
RESULT,40,U36,TEMPEST_20230515_FW_C6,60,-0.007481,0.050537,0,0,0,18,mg N/L,Ammonia 2,1685918082,6/4/2023 18:34
RESULT,41,U37,TEMPEST_20230515_FW_D5,61,-0.03681,0.035785,0,0,0,18,mg N/L,Ammonia 2,1685918242,6/4/2023 18:37
RESULT,42,U38,TEMPEST_20230515_FW_E3,62,-0.040715,0.03382,0,0,0,18,mg N/L,Ammonia 2,1685918402,6/4/2023 18:40
RESULT,43,U39,TEMPEST_20230515_FW_F6,63,-0.047481,0.030417,0,0,0,18,mg N/L,Ammonia 2,1685918562,6/4/2023 18:42
RESULT,43,C13,Duplicate,64,-0.043835,0.032251,0,0,0,0,mg N/L,Ammonia 2,1685918722,6/4/2023 18:45
QCPRORESULT,DUPLICATE,7.98693,1685918722,,,,,,,,,,,
QCPRODECISION,IN,1685918722,,,,,,,,,,,,
RESULT,44,U40,TEMPEST_20230518_FW_H3,65,-0.02873,0.039849,0,0,0,18,mg N/L,Ammonia 2,1685918882,6/4/2023 18:48
RESULT,44,C14,Auto Spike,66,1.273399,0.597114,0,0,0,0,mg N/L,Ammonia 2,1685919042,6/4/2023 18:50
QCPRORESULT,AUTO SPIKE,130.21286,1685919042,,,,,,,,,,,
QCPRODECISION,IN,1685919042,,,,,,,,,,,,
RESULT,45,U41,TEMPEST_20230515_FW_H6,67,-0.037176,0.035601,0,0,0,18,mg N/L,Ammonia 2,1685919202,6/4/2023 18:53
RESULT,46,U42,TEMPEST_20230515_FW_I5,68,-0.041007,0.033673,0,0,0,18,mg N/L,Ammonia 2,1685919362,6/4/2023 18:56
RESULT,-3,C11,1mg/L ammonia,69,1.014066,0.564376,0,0,0,0,mg N/L,Ammonia 2,1685919522,6/4/2023 18:58
QCPRORESULT,NORMAL,0,1685919522,,,,,,,,,,,
QCPRODECISION,IN,1685919522,,,,,,,,,,,,
RESULT,-3,C12,Blank,70,-0.045281,0.031523,0,0,0,0,mg N/L,Ammonia 2,1685919683,6/4/2023 19:01
QCPRORESULT,NORMAL,0.006381,1685919683,,,,,,,,,,,
QCPRODECISION,OUT,1685919683,,,,,,,,,,,,
QCPROACTION,CONTINUE,1685919683,,,,,,,,,,,,
RESULT,47,U43,TEMPEST_20230515_SW_B4,71,0.512489,0.312083,0,0,0,0,mg N/L,Ammonia 2,1685919843,6/4/2023 19:04
RESULT,48,U44,TEMPEST_20230515_SW_F6,72,-0.02535,0.041549,0,0,0,18,mg N/L,Ammonia 2,1685920003,6/4/2023 19:06
RESULT,49,U45,TEMPEST_20230515_SW_H6,73,-0.039194,0.034585,0,0,0,18,mg N/L,Ammonia 2,1685920163,6/4/2023 19:09
RESULT,50,U46,Abs_Chk_10ppt,74,-0.042148,0.033099,0,0,0,18,mg N/L,Ammonia 2,1685920323,6/4/2023 19:12
RESULT,50,C13,Duplicate,75,-0.041537,0.033407,0,0,0,0,mg N/L,Ammonia 2,1685920483,6/4/2023 19:14
QCPRORESULT,DUPLICATE,1.460488,1685920483,,,,,,,,,,,
QCPRODECISION,IN,1685920483,,,,,,,,,,,,
RESULT,51,U47,Abs_Chk_20ppt,76,-0.032011,0.038198,0,0,0,18,mg N/L,Ammonia 2,1685920644,6/4/2023 19:17
RESULT,51,C14,Auto Spike,77,1.291692,0.604912,0,0,0,0,mg N/L,Ammonia 2,1685920800,6/4/2023 19:20
QCPRORESULT,AUTO SPIKE,132.370224,1685920800,,,,,,,,,,,
QCPRODECISION,IN,1685920800,,,,,,,,,,,,
RESULT,52,U48,peChk_NH3_PO4,78,1.257933,0.687042,0,0,0,0,mg N/L,Ammonia 2,1685920964,6/4/2023 19:22
RESULT,-3,C11,1mg/L ammonia,79,1.049516,0.582207,0,0,0,0,mg N/L,Ammonia 2,1685921124,6/4/2023 19:25
QCPRORESULT,NORMAL,0,1685921124,,,,,,,,,,,
QCPRODECISION,IN,1685921124,,,,,,,,,,,,
RESULT,-3,C12,Blank,80,-0.044702,0.031814,0,0,0,0,mg N/L,Ammonia 2,1685921286,6/4/2023 19:28
QCPRORESULT,NORMAL,0.005802,1685921286,,,,,,,,,,,
QCPRODECISION,OUT,1685921286,,,,,,,,,,,,
QCPROACTION,CONTINUE,1685921286,,,,,,,,,,,,
RESULT,-1,S1,Standard 1,0,0.00107,0.00107,0,0,0,0,mg P/L,o-PHOS 0.3,1685921777,6/4/2023 19:36
RESULT,-2,S90,Standard 90,1,0.003012,0.003012,0,0,0,0,mg P/L,o-PHOS 0.3,1685921858,6/4/2023 19:37
RESULT,-2,S91,Standard 91,2,0.006587,0.006587,0,0,0,0,mg P/L,o-PHOS 0.3,1685921939,6/4/2023 19:38
RESULT,-2,S92,Standard 92,3,0.012815,0.012815,0,0,0,0,mg P/L,o-PHOS 0.3,1685922019,6/4/2023 19:40
RESULT,-2,S93,Standard 93,4,0.033342,0.033342,0,0,0,0,mg P/L,o-PHOS 0.3,1685922100,6/4/2023 19:41
RESULT,-2,S94,Standard 94,5,0.065749,0.065749,0,0,0,0,mg P/L,o-PHOS 0.3,1685922181,6/4/2023 19:43
RESULT,-2,S95,Standard 95,6,0.098673,0.098673,0,0,0,0,mg P/L,o-PHOS 0.3,1685922262,6/4/2023 19:44
RESULT,-2,S96,Standard 96,7,0.126547,0.126547,0,0,0,0,mg P/L,o-PHOS 0.3,1685922343,6/4/2023 19:45
RESULT,-1,S0,Standard 0,8,0.001032,0.001032,0,0,0,0,mg P/L,o-PHOS 0.3,1685922424,6/4/2023 19:47
CALIBRATION,o-PHOS 0.3,1685922424,6/4/2023 19:47,,,,,,,,,,,
RESULT,-3,C11,0.15 mg/L,9,0.136482,0.058958,0,0,0,0,mg P/L,o-PHOS 0.3,1685922506,6/4/2023 19:48
QCPRORESULT,NORMAL,0,1685922506,,,,,,,,,,,
QCPRODECISION,IN,1685922506,,,,,,,,,,,,
RESULT,-3,C12,Blank,10,0.000561,0.001071,0,0,0,0,mg P/L,o-PHOS 0.3,1685922587,6/4/2023 19:49
QCPRORESULT,NORMAL,0,1685922587,,,,,,,,,,,
QCPRODECISION,IN,1685922587,,,,,,,,,,,,
RESULT,5,U1,GWI_202304_SW_A,11,0.001808,0.001603,0,0,0,0,mg P/L,o-PHOS 0.3,1685922669,6/4/2023 19:51
RESULT,6,U2,GWI_202304_SW_B,12,0.002359,0.001837,0,0,0,0,mg P/L,o-PHOS 0.3,1685922750,6/4/2023 19:52
RESULT,7,U3,GWI_202304_SW_C,13,0.002659,0.001965,0,0,0,0,mg P/L,o-PHOS 0.3,1685922831,6/4/2023 19:53
RESULT,8,U4,MSM_202304_UP_LysA_20cm,14,0.009653,0.004944,0,0,0,0,mg P/L,o-PHOS 0.3,1685922912,6/4/2023 19:55
RESULT,9,U5,MSM_202304_UP_LysA_45cm,15,0.02076,0.009674,0,0,0,0,mg P/L,o-PHOS 0.3,1685922993,6/4/2023 19:56
RESULT,10,U6,MSM_202304_UP_LysB_10cm,16,0.004005,0.002538,0,0,0,0,mg P/L,o-PHOS 0.3,1685923074,6/4/2023 19:57
RESULT,11,U7,MSM_202304_UP_LysB_20cm,17,0.003886,0.002488,0,0,0,0,mg P/L,o-PHOS 0.3,1685923155,6/4/2023 19:59
RESULT,12,U8,MSM_202304_UP_LysB_45cm,18,0.015691,0.007515,0,0,0,0,mg P/L,o-PHOS 0.3,1685923236,6/4/2023 20:00
RESULT,13,U9,MSM_202304_UP_LysC_10cm,19,0.007038,0.00383,0,0,0,0,mg P/L,o-PHOS 0.3,1685923318,6/4/2023 20:01
RESULT,13,C13,Duplicate,20,0.006868,0.003758,0,0,0,0,mg P/L,o-PHOS 0.3,1685923399,6/4/2023 20:03
QCPRORESULT,DUPLICATE,2.446519,1685923399,,,,,,,,,,,
QCPRODECISION,IN,1685923399,,,,,,,,,,,,
RESULT,-3,C11,0.15 mg/L,21,0.13625,0.05886,0,0,0,0,mg P/L,o-PHOS 0.3,1685923481,6/4/2023 20:04
QCPRORESULT,NORMAL,0,1685923481,,,,,,,,,,,
QCPRODECISION,IN,1685923481,,,,,,,,,,,,
RESULT,-3,C12,Blank,22,0.000448,0.001023,0,0,0,0,mg P/L,o-PHOS 0.3,1685923562,6/4/2023 20:06
QCPRORESULT,NORMAL,0,1685923562,,,,,,,,,,,
QCPRODECISION,IN,1685923562,,,,,,,,,,,,
RESULT,14,U10,MSM_202304_UP_LysC_20cm,23,0.008676,0.004527,0,0,0,0,mg P/L,o-PHOS 0.3,1685923644,6/4/2023 20:07
RESULT,14,C14,Auto Spike,24,0.112975,0.047505,0,0,0,0,mg P/L,o-PHOS 0.3,1685923725,6/4/2023 20:08
QCPRORESULT,AUTO SPIKE,68.617966,1685923725,,,,,,,,,,,
QCPRODECISION,IN,1685923725,,,,,,,,,,,,
RESULT,15,U11,MSM_202304_TR_LysA_10cm,25,0.008046,0.004259,0,0,0,0,mg P/L,o-PHOS 0.3,1685923806,6/4/2023 20:10
RESULT,16,U12,MSM_202304_TR_LysA_20cm,26,0.018583,0.008747,0,0,0,0,mg P/L,o-PHOS 0.3,1685923887,6/4/2023 20:11
RESULT,17,U13,MSM_202304_TR_LysA_45cm,27,0.04142,0.018473,0,0,0,0,mg P/L,o-PHOS 0.3,1685923968,6/4/2023 20:12
RESULT,18,U14,MSM_202304_TR_LysB_10cm,28,0.009732,0.004977,0,0,0,0,mg P/L,o-PHOS 0.3,1685924049,6/4/2023 20:14
RESULT,19,U15,MSM_202304_TR_LysB_20cm,29,0.010759,0.005415,0,0,0,0,mg P/L,o-PHOS 0.3,1685924130,6/4/2023 20:15
RESULT,20,U16,MSM_202304_TR_LysB_45cm,30,0.022875,0.010575,0,0,0,0,mg P/L,o-PHOS 0.3,1685924211,6/4/2023 20:16
RESULT,21,U17,MSM_202304_TR_LysC_10cm,31,0.010315,0.005226,0,0,0,0,mg P/L,o-PHOS 0.3,1685924293,6/4/2023 20:18
RESULT,22,U18,MSM_202304_TR_LysC_20cm,32,0.017241,0.008175,0,0,0,0,mg P/L,o-PHOS 0.3,1685924374,6/4/2023 20:19
RESULT,-3,C11,0.15 mg/L,33,0.135228,0.058425,0,0,0,0,mg P/L,o-PHOS 0.3,1685924455,6/4/2023 20:20
QCPRORESULT,NORMAL,0,1685924455,,,,,,,,,,,
QCPRODECISION,IN,1685924455,,,,,,,,,,,,
RESULT,-3,C12,Blank,34,0.000393,0.001,0,0,0,0,mg P/L,o-PHOS 0.3,1685924537,6/4/2023 20:22
QCPRORESULT,NORMAL,0,1685924537,,,,,,,,,,,
QCPRODECISION,IN,1685924537,,,,,,,,,,,,
RESULT,23,U19,MSM_202304_TR_LysC_45cm,35,0.040908,0.018255,0,0,0,0,mg P/L,o-PHOS 0.3,1685924619,6/4/2023 20:23
RESULT,23,C13,Duplicate,36,0.042718,0.019026,0,0,0,0,mg P/L,o-PHOS 0.3,1685924701,6/4/2023 20:25
QCPRORESULT,DUPLICATE,4.327939,1685924701,,,,,,,,,,,
QCPRODECISION,IN,1685924701,,,,,,,,,,,,
RESULT,24,U20,MSM_202304_WC_LysA_10cm,37,0.004981,0.002954,0,0,0,0,mg P/L,o-PHOS 0.3,1685924783,6/4/2023 20:26
RESULT,24,C14,Auto Spike,38,0.12742,0.053473,0,0,0,0,mg P/L,o-PHOS 0.3,1685924865,6/4/2023 20:27
QCPRORESULT,AUTO SPIKE,80.55191,1685924865,,,,,,,,,,,
QCPRODECISION,IN,1685924865,,,,,,,,,,,,
RESULT,25,U21,MSM_202304_WC_LysA_20cm,39,0.021894,0.010157,0,0,0,0,mg P/L,o-PHOS 0.3,1685924946,6/4/2023 20:29
RESULT,26,U22,MSM_202304_WC_LysA_45cm,40,0.019676,0.009212,0,0,0,0,mg P/L,o-PHOS 0.3,1685925028,6/4/2023 20:30
RESULT,27,U23,MSM_202304_WC_LysB_10cm,41,0.022691,0.010496,0,0,0,0,mg P/L,o-PHOS 0.3,1685925108,6/4/2023 20:31
RESULT,28,U24,MSM_202304_WC_LysB_20cm,42,0.036642,0.016438,0,0,0,0,mg P/L,o-PHOS 0.3,1685925190,6/4/2023 20:33
RESULT,29,U25,MSM_202304_WC_LysC_10cm,43,0.023865,0.010996,0,0,0,0,mg P/L,o-PHOS 0.3,1685925271,6/4/2023 20:34
RESULT,30,U26,MSM_202304_WC_LysC_20cm,44,0.057651,0.025385,0,0,0,0,mg P/L,o-PHOS 0.3,1685925352,6/4/2023 20:35
RESULT,-3,C11,0.15 mg/L,45,0.137913,0.059568,0,0,0,0,mg P/L,o-PHOS 0.3,1685925433,6/4/2023 20:37
QCPRORESULT,NORMAL,0,1685925433,,,,,,,,,,,
QCPRODECISION,IN,1685925433,,,,,,,,,,,,
RESULT,-3,C12,Blank,46,0.000586,0.001082,0,0,0,0,mg P/L,o-PHOS 0.3,1685925515,6/4/2023 20:38
QCPRORESULT,NORMAL,0,1685925515,,,,,,,,,,,
QCPRODECISION,IN,1685925515,,,,,,,,,,,,
RESULT,31,U27,MSM_202304_WC_LysC_45cm,47,0.013784,0.006703,0,0,0,0,mg P/L,o-PHOS 0.3,1685925597,6/4/2023 20:39
RESULT,32,U28,MSM_202304_SW_A,48,0.001987,0.001679,0,0,0,0,mg P/L,o-PHOS 0.3,1685925678,6/4/2023 20:41
RESULT,33,U29,MSM_202304_SW_B,49,0.001303,0.001388,0,0,0,0,mg P/L,o-PHOS 0.3,1685925760,6/4/2023 20:42
RESULT,33,C13,Duplicate,50,0.001383,0.001421,0,0,0,0,mg P/L,o-PHOS 0.3,1685925841,6/4/2023 20:44
QCPRORESULT,DUPLICATE,5.934874,1685925841,,,,,,,,,,,
QCPRODECISION,IN,1685925841,,,,,,,,,,,,
RESULT,34,U30,MSM_202304_SW_C,51,0.001743,0.001575,0,0,0,0,mg P/L,o-PHOS 0.3,1685925923,6/4/2023 20:45
RESULT,34,C14,Auto Spike,52,0.118782,0.049904,0,0,0,0,mg P/L,o-PHOS 0.3,1685926004,6/4/2023 20:46
QCPRORESULT,AUTO SPIKE,76.999397,1685926004,,,,,,,,,,,
QCPRODECISION,IN,1685926004,,,,,,,,,,,,
RESULT,35,U31,TEMPEST_20230515_CON_F6,53,0.006522,0.00361,0,0,0,0,mg P/L,o-PHOS 0.3,1685926086,6/4/2023 20:48
RESULT,36,U32,TEMPEST_20230515_CON_C6,54,0.004308,0.002667,0,0,0,0,mg P/L,o-PHOS 0.3,1685926168,6/4/2023 20:49
RESULT,37,U33,TEMPEST_20230515_CON_H6,55,0.00686,0.003754,0,0,0,0,mg P/L,o-PHOS 0.3,1685926249,6/4/2023 20:50
RESULT,38,U34,TEMPEST_20230515_FW_B4,56,0.002631,0.001953,0,0,0,0,mg P/L,o-PHOS 0.3,1685926331,6/4/2023 20:52
RESULT,-3,C11,0.15 mg/L,57,0.136854,0.059117,0,0,0,0,mg P/L,o-PHOS 0.3,1685926412,6/4/2023 20:53
QCPRORESULT,NORMAL,0,1685926412,,,,,,,,,,,
QCPRODECISION,IN,1685926412,,,,,,,,,,,,
RESULT,-3,C12,Blank,58,0.000337,0.000976,0,0,0,0,mg P/L,o-PHOS 0.3,1685926494,6/4/2023 20:54
QCPRORESULT,NORMAL,0,1685926494,,,,,,,,,,,
QCPRODECISION,IN,1685926494,,,,,,,,,,,,
RESULT,39,U35,TEMPEST_20230515_FW_C3,59,0.002957,0.002092,0,0,0,0,mg P/L,o-PHOS 0.3,1685926576,6/4/2023 20:56
RESULT,40,U36,TEMPEST_20230515_FW_C6,60,0.001857,0.001624,0,0,0,0,mg P/L,o-PHOS 0.3,1685926657,6/4/2023 20:57
RESULT,41,U37,TEMPEST_20230515_FW_D5,61,0.004426,0.002717,0,0,0,0,mg P/L,o-PHOS 0.3,1685926739,6/4/2023 20:58
RESULT,42,U38,TEMPEST_20230515_FW_E3,62,0.004448,0.002727,0,0,0,0,mg P/L,o-PHOS 0.3,1685926820,6/4/2023 21:00
RESULT,43,U39,TEMPEST_20230515_FW_F6,63,0.004558,0.002774,0,0,0,0,mg P/L,o-PHOS 0.3,1685926902,6/4/2023 21:01
RESULT,43,C13,Duplicate,64,0.004363,0.002691,0,0,0,0,mg P/L,o-PHOS 0.3,1685926982,6/4/2023 21:03
QCPRORESULT,DUPLICATE,4.369629,1685926982,,,,,,,,,,,
QCPRODECISION,IN,1685926982,,,,,,,,,,,,
RESULT,44,U40,TEMPEST_20230518_FW_H3,65,0.004852,0.002899,0,0,0,0,mg P/L,o-PHOS 0.3,1685927065,6/4/2023 21:04
RESULT,44,C14,Auto Spike,66,0.112239,0.047201,0,0,0,0,mg P/L,o-PHOS 0.3,1685927147,6/4/2023 21:05
QCPRORESULT,AUTO SPIKE,70.6493,1685927147,,,,,,,,,,,
QCPRODECISION,IN,1685927147,,,,,,,,,,,,
RESULT,45,U41,TEMPEST_20230515_FW_H6,67,0.003304,0.002239,0,0,0,0,mg P/L,o-PHOS 0.3,1685927229,6/4/2023 21:07
RESULT,46,U42,TEMPEST_20230515_FW_I5,68,0.006348,0.003536,0,0,0,0,mg P/L,o-PHOS 0.3,1685927311,6/4/2023 21:08
RESULT,-3,C11,0.15 mg/L,69,0.136387,0.058918,0,0,0,0,mg P/L,o-PHOS 0.3,1685927393,6/4/2023 21:09
QCPRORESULT,NORMAL,0,1685927393,,,,,,,,,,,
QCPRODECISION,IN,1685927393,,,,,,,,,,,,
RESULT,-3,C12,Blank,70,0.000358,0.000985,0,0,0,0,mg P/L,o-PHOS 0.3,1685927475,6/4/2023 21:11
QCPRORESULT,NORMAL,0,1685927475,,,,,,,,,,,
QCPRODECISION,IN,1685927475,,,,,,,,,,,,
RESULT,47,U43,TEMPEST_20230515_SW_B4,71,0.021192,0.009858,0,0,0,0,mg P/L,o-PHOS 0.3,1685927558,6/4/2023 21:12
RESULT,48,U44,TEMPEST_20230515_SW_F6,72,0.009559,0.004904,0,0,0,0,mg P/L,o-PHOS 0.3,1685927640,6/4/2023 21:14
RESULT,49,U45,TEMPEST_20230515_SW_H6,73,0.004463,0.002733,0,0,0,0,mg P/L,o-PHOS 0.3,1685927721,6/4/2023 21:15
RESULT,50,U46,Abs_Chk_10ppt,74,0.001583,0.001507,0,0,0,0,mg P/L,o-PHOS 0.3,1685927758,6/4/2023 21:15
RESULT,50,C13,Duplicate,75,0.000713,0.001136,0,0,0,0,mg P/L,o-PHOS 0.3,1685927838,6/4/2023 21:17
QCPRORESULT,DUPLICATE,75.799858,1685927838,,,,,,,,,,,
QCPRODECISION,OUT,1685927838,,,,,,,,,,,,
QCPROACTION,CONTINUE,1685927838,,,,,,,,,,,,
RESULT,51,U47,Abs_Chk_20ppt,76,-0.00045,0.000641,0,0,0,18,mg P/L,o-PHOS 0.3,1685927918,6/4/2023 21:18
RESULT,51,C14,Auto Spike,77,0.189681,0.079194,0,0,0,0,mg P/L,o-PHOS 0.3,1685927998,6/4/2023 21:19
QCPRORESULT,AUTO SPIKE,125.086182,1685927998,,,,,,,,,,,
QCPRODECISION,IN,1685927998,,,,,,,,,,,,
RESULT,52,U48,peChk_NH3_PO4,78,0.791201,0.337796,0,0,0,19,mg P/L,o-PHOS 0.3,1685928078,6/4/2023 21:21
AUTODILUTION,APPROVED,1685928078,,,,,,,,,,,,
AUTODILUTION,ADDED,1685928078,,,,,,,,,,,,
RESULT,-3,C11,0.15 mg/L,79,0.136565,0.058994,0,0,0,0,mg P/L,o-PHOS 0.3,1685928158,6/4/2023 21:22
QCPRORESULT,NORMAL,0,1685928158,,,,,,,,,,,
QCPRODECISION,IN,1685928158,,,,,,,,,,,,
RESULT,-3,C12,Blank,80,0.000471,0.001033,0,0,0,0,mg P/L,o-PHOS 0.3,1685928238,6/4/2023 21:23
QCPRORESULT,NORMAL,0,1685928238,,,,,,,,,,,
QCPRODECISION,IN,1685928238,,,,,,,,,,,,
RESULT,31,U27,MSM_202304_WC_LysC_45cm,47,1.437025,0.415712,0,2,0,0,mg N/L,Ammonia 2,1685929444,6/4/2023 21:44
RESULT,52,U48,peChk_NH3_PO4,78,0.873426,0.075229,0,5,0,0,mg P/L,o-PHOS 0.3,1685929845,6/4/2023 21:50
QCPROACTION,CONTINUE,1685929927,,,,,,,,,,,,
RUNENDED,1685930368,COMPLETE,,,,,,,,,,,,
RUNSTARTED,1685967796,6/5/2023 8:23,,,,,,,,,,,,
RUNENDED,1685967800,NO WORK TO DO,,,,,,,,,,,,
