"","Project","Region","Site","Zone","Replicate","Depth_cm","Sample_ID","Year","Month","Day","Time","Time_Zone","SO4_ppm","SO4_Conc_mM","SO4_Conc_flag","SO4_QAQC_flag","Cl_ppm","Cl_Conc_mM","Cl_Conc_flag","Cl_QAQC_flag","salinity","Analysis_rundate","Run_notes","Field_notes"
"1","COMPASS: Synoptic","CB","MSM","UP","A",10,"MSM_202206_UP_LYSA_10CM",2022,6,6,NA,NA,126.0804,3.93263880224579,NA,NA,1568.6751,44.2503554301834,NA,NA,2.8346219057,NA,NA,""
"2","COMPASS: Synoptic","CB","MSM","TR","A",10,"MSM_202206_TR_LYSA_10CM",2022,6,6,NA,NA,331.4201,10.3374953212726,NA,NA,2755.8535,77.739167842031,NA,NA,4.9798532745,NA,NA,""
"3","COMPASS: Synoptic","CB","MSM","TR","B",10,"MSM_202206_TR_LYSB_10CM",2022,6,6,NA,NA,367.1323,11.4514129756706,NA,NA,3027.1985,85.3934696755994,NA,NA,5.4701736895,NA,NA,""
"4","COMPASS: Synoptic","CB","MSM","TR","C",10,"MSM_202206_TR_LYSC_10CM",2022,6,6,NA,NA,314.1841,9.79987835308796,NA,NA,2868.5932,80.91941325811,NA,NA,5.1835739124,NA,NA,""
"5","COMPASS: Synoptic","CB","MSM","TR","A",20,"MSM_202206_TR_LYSA_20CM",2022,6,6,NA,NA,419.4743,13.08403930131,NA,NA,2817.4242,79.476,NA,NA,5.0911115294,NA,NA,""
"6","COMPASS: Synoptic","CB","MSM","TR","B",20,"MSM_202206_TR_LYSB_20CM",2022,6,6,NA,NA,348.7404,10.8777417342483,NA,NA,2952.4617,83.2852383638928,NA,NA,5.3351242919,NA,NA,""
"7","COMPASS: Synoptic","CB","MSM","TR","C",20,"MSM_202206_TR_LYSC_20CM",2022,6,6,NA,NA,308.5873,9.62530567685589,NA,NA,2918.0163,82.3135768688293,NA,NA,5.2728814541,NA,NA,""
"8","COMPASS: Synoptic","CB","MSM","TR","A",45,"MSM_202206_TR_LYSA_45CM",2022,6,6,NA,NA,489.302,15.2620711166563,NA,NA,3366.3801,94.9613568406206,NA,NA,6.0830748407,NA,NA,""
"9","COMPASS: Synoptic","CB","MSM","TR","B",45,"MSM_202206_TR_LYSB_45CM",2022,6,6,NA,NA,461.7393,14.4023487211478,NA,NA,3741.1335,105.532679830748,NA,NA,6.7602542345,NA,NA,""
"10","COMPASS: Synoptic","CB","MSM","TR","C",45,"MSM_202206_TR_LYSC_45CM",2022,6,6,NA,NA,451.001,14.0674048658765,NA,NA,3028.6085,85.4332440056417,NA,NA,5.4727215595,NA,NA,""
"11","COMPASS: Synoptic","CB","MSM","UP","B",10,"MSM_202206_UP_LYSB_10CM",2022,6,6,NA,NA,103.5657,3.2303711790393,NA,NA,1069.0949,30.1578251057828,NA,NA,1.9318804843,NA,NA,""
"12","COMPASS: Synoptic","CB","GWI","UP","A",10,"GWI_202206_UP_LYSA_10CM",2022,6,9,NA,NA,705.1898,21.9959388646288,NA,NA,4974.0704,140.312282087447,NA,NA,8.9881712128,NA,NA,""
"13","COMPASS: Synoptic","CB","GWI","UP","B",10,"GWI_202206_UP_LYSB_10CM",2022,6,9,NA,NA,531.2826,16.5715096693699,NA,NA,3905.7877,110.177368124118,NA,NA,7.0577843739,NA,NA,""
"14","COMPASS: Synoptic","CB","MSM","UP","C",10,"MSM_202206_UP_LYSC_10CM",2022,6,6,NA,NA,139.2101,4.34217404865876,NA,NA,1527.3732,43.0852806770099,NA,NA,2.7599893724,NA,NA,""
"15","COMPASS: Synoptic","CB","GWI","UP","C",10,"GWI_202206_UP_LYSC_10CM",2022,6,9,NA,NA,1136.6741,35.45458827199,NA,NA,7773.1471,219.270722143865,NA,NA,14.0461028097,NA,NA,""
"16","COMPASS: Synoptic","CB","GWI","UP","A",20,"GWI_202206_UP_LYSA_20CM",2022,6,9,NA,NA,682.3081,21.2822239550842,NA,NA,5074.2239,143.137486600846,NA,NA,9.1691485873,NA,NA,""
"17","COMPASS: Synoptic","CB","GWI","UP","B",20,"GWI_202206_UP_LYSB_20CM",2022,6,9,NA,NA,650.3517,20.2854553961323,NA,NA,4976.2069,140.372550070522,NA,NA,8.9920318683,NA,NA,""
"18","COMPASS: Synoptic","CB","GWI","UP","C",20,"GWI_202206_UP_LYSC_20CM",2022,6,9,NA,NA,750.6523,23.4139831565814,NA,NA,6075.7183,171.388386459803,NA,NA,10.9788489681,NA,NA,""
"19","COMPASS: Synoptic","CB","GWI","UP","A",45,"GWI_202206_UP_LYSA_45CM",2022,6,9,NA,NA,620.3873,19.3508203368684,NA,NA,5158.362,145.510916784203,NA,NA,9.321186134,NA,NA,""
"20","COMPASS: Synoptic","CB","GWI","UP","B",45,"GWI_202206_UP_LYSB_45CM",2022,6,9,NA,NA,565.631,17.642888334373,NA,NA,4357.2527,122.912629055007,NA,NA,7.8735816289,NA,NA,""
"21","COMPASS: Synoptic","CB","GWI","UP","C",45,"GWI_202206_UP_LYSC_45CM",2022,6,9,NA,NA,853.7856,26.6308671241422,NA,NA,6483.2126,182.883289139633,NA,NA,11.7151911682,NA,NA,""
"22","COMPASS: Synoptic","CB","GWI","TR","A",10,"GWI_202206_TR_LYSA_10CM",2022,6,9,NA,NA,1166.3401,36.379915782907,NA,NA,8618.8088,243.125777150917,NA,NA,15.5742135016,NA,NA,""
"23","COMPASS: Synoptic","CB","GWI","TR","B",10,"GWI_202206_TR_LYSB_10CM",2022,6,9,NA,NA,1054.9614,32.9058452900811,NA,NA,7896.1734,222.741139633286,NA,NA,14.2684113338,NA,NA,""
"24","COMPASS: Synoptic","CB","GWI","TR","C",10,"GWI_202206_TR_LYSC_10CM",2022,6,9,NA,NA,939.7829,29.3132532751092,NA,NA,7379.9328,208.178640338505,NA,NA,13.3355645696,NA,NA,""
"25","COMPASS: Synoptic","CB","MSM","UP","A",20,"MSM_202206_UP_LYSA_20CM",2022,6,6,NA,NA,180.9152,5.64301933873986,NA,NA,2031.261,57.2993229901269,NA,NA,3.670514627,NA,NA,""
"26","COMPASS: Synoptic","CB","GWI","TR","A",20,"GWI_202206_TR_LYSA_20CM",2022,6,9,NA,NA,1048.1038,32.6919463505926,NA,NA,7487.9046,211.224389280677,NA,NA,13.5306696122,NA,NA,""
"27","COMPASS: Synoptic","CB","GWI","TR","B",20,"GWI_202206_TR_LYSB_20CM",2022,6,9,NA,NA,1145.7933,35.7390299438553,NA,NA,8878.5123,250.451686882934,NA,NA,16.0434977261,NA,NA,""
"28","COMPASS: Synoptic","CB","GWI","TR","C",20,"GWI_202206_TR_LYSC_20CM",2022,6,9,NA,NA,1031.8017,32.1834591391142,NA,NA,8228.9291,232.12776022567,NA,NA,14.8697008837,NA,NA,""
"29","COMPASS: Synoptic","CB","GWI","TR","A",45,"GWI_202206_TR_LYSA_45CM",2022,6,9,NA,NA,633.3503,19.7551559575795,NA,NA,5328.1588,150.300671368124,NA,NA,9.6280089516,NA,NA,""
"30","COMPASS: Synoptic","CB","GWI","TR","B",45,"GWI_202206_TR_LYSB_45CM",2022,6,9,NA,NA,1065.4746,33.2337679351216,NA,NA,7901.501,222.891424541608,NA,NA,14.278038307,NA,NA,""
"31","COMPASS: Synoptic","CB","GWI","TR","C",45,"GWI_202206_TR_LYSC_45CM",2022,6,9,NA,NA,884.0311,27.5742701185278,NA,NA,7337.9827,206.99528067701,NA,NA,13.2597607389,NA,NA,""
"32","COMPASS: Synoptic","CB","MSM","UP","B",20,"MSM_202206_UP_LYSB_20CM",2022,6,6,NA,NA,120.921,3.77170929507174,NA,NA,1237.6007,34.9111622002821,NA,NA,2.2363704649,NA,NA,""
"33","COMPASS: Synoptic","CB","GCW","UP","A",10,"GCW_202206_UP_LYSA_10CM",2022,6,10,NA,NA,3.6335,0.11333437305053,NA,NA,0,0,NA,NA,2.6e-05,NA,NA,""
"34","COMPASS: Synoptic","CB","GCW","UP","B",10,"GCW_202206_UP_LYSB_10CM",2022,6,10,NA,NA,1.4062,0.0438615096693699,NA,NA,6.0218,0.169867418899859,NA,NA,0.0109073926,NA,NA,""
"35","COMPASS: Synoptic","CB","GCW","UP","C",10,"GCW_202206_UP_LYSC_10CM",2022,6,10,NA,NA,2.6083,0.0813568309419838,NA,NA,10.7516,0.303289139633286,NA,NA,0.0194541412,NA,NA,""
"36","COMPASS: Synoptic","CB","GCW","UP","A",20,"GCW_202206_UP_LYSA_20CM",2022,6,10,NA,NA,6.3223,0.197202121023082,NA,NA,7.4852,0.211148095909732,NA,NA,0.0135517564,NA,NA,""
"37","COMPASS: Synoptic","CB","GCW","UP","B",20,"GCW_202206_UP_LYSB_20CM",2022,6,10,NA,NA,1.4627,0.0456238303181535,NA,NA,5.4847,0.154716502115656,NA,NA,0.0099368529,NA,NA,""
"38","COMPASS: Synoptic","CB","GCW","UP","A",45,"GCW_202206_UP_LYSA_45CM",2022,6,10,NA,NA,1.3993,0.043646288209607,NA,NA,8.6165,0.243060648801128,NA,NA,0.0155960155,NA,NA,""
"39","COMPASS: Synoptic","CB","GCW","TR","A",10,"GCW_202206_TR_LYSA_10CM",2022,6,10,NA,NA,4.4018,0.137298814722395,NA,NA,5.802,0.163667136812412,NA,NA,0.010510214,NA,NA,""
"40","COMPASS: Synoptic","CB","GCW","TR","B",10,"GCW_202206_TR_LYSB_10CM",2022,6,10,NA,NA,0,0,NA,NA,29.7153,0.838231311706629,NA,NA,0.0537215471,NA,NA,""
"41","COMPASS: Synoptic","CB","GCW","TR","C",10,"GCW_202206_TR_LYSC_10CM",2022,6,10,NA,NA,12.3101,0.383970679975047,NA,NA,22.1716,0.625433004231312,NA,NA,0.0400900812,NA,NA,""
"42","COMPASS: Synoptic","CB","MSM","UP","C",20,"MSM_202206_UP_LYSC_20CM",2022,6,6,NA,NA,170.5623,5.32009669369931,NA,NA,1915.3132,54.028581100141,NA,NA,3.4609969524,NA,NA,""
"43","COMPASS: Synoptic","CB","GCW","TR","A",20,"GCW_202206_TR_LYSA_20CM",2022,6,10,NA,NA,9.4652,0.295233936369308,NA,NA,3.7973,0.10711706629055,NA,NA,0.0068877211,NA,NA,""
"44","COMPASS: Synoptic","CB","GCW","TR","B",20,"GCW_202206_TR_LYSB_20CM",2022,6,10,NA,NA,0,0,NA,NA,5.8317,0.164504936530324,NA,NA,0.0105638819,NA,NA,""
"45","COMPASS: Synoptic","CB","GCW","TR","C",20,"GCW_202206_TR_LYSC_20CM",2022,6,10,NA,NA,33.2619,1.03748908296943,NA,NA,34.6283,0.976820874471086,NA,NA,0.0625993381,NA,NA,""
"46","COMPASS: Synoptic","CB","GCW","TR","A",45,"GCW_202206_TR_LYSA_45CM",2022,6,10,NA,NA,3.1151,0.0971646912039925,NA,NA,11.191,0.315684062059238,NA,NA,0.020248137,NA,NA,""
"47","COMPASS: Synoptic","CB","GCW","TR","B",45,"GCW_202206_TR_LYSB_45CM",2022,6,10,NA,NA,6.4804,0.202133499688085,NA,NA,7.8649,0.221858956276446,NA,NA,0.0142378743,NA,NA,""
"48","COMPASS: Synoptic","CB","GCW","TR","C",45,"GCW_202206_TR_LYSC_45CM",2022,6,10,NA,NA,8.4172,0.262545227698066,NA,NA,4.2921,0.121074753173484,NA,NA,0.0077818247,NA,NA,""
"49","COMPASS: Synoptic","CB","MSM","UP","A",45,"MSM_202206_UP_LYSA_45CM",2022,6,6,NA,NA,190.4671,5.94095757953836,NA,NA,2334.0716,65.8412299012694,NA,NA,4.2176933812,NA,NA,""
"50","COMPASS: Synoptic","CB","GCW","WC","A",10,"GCW_202206_WC_LYSA_10CM",2022,6,10,NA,NA,285.3617,8.90086400499064,NA,NA,3313.6944,93.4751593794076,NA,NA,5.9878717808,NA,NA,""
"51","COMPASS: Synoptic","CB","GCW","WC","A",20,"GCW_202206_WC_LYSA_20CM",2022,6,10,NA,NA,380.7819,11.877164691204,NA,NA,4139.3895,116.766981664316,NA,NA,7.4799028265,NA,NA,""
"52","COMPASS: Synoptic","CB","GCW","WC","A",45,"GCW_202206_WC_LYSA_45CM",2022,6,10,NA,NA,145.5024,4.53844042420462,NA,NA,4983.5113,140.578598025388,NA,NA,9.0052309191,NA,NA,""
"53","COMPASS: Synoptic","CB","MSM","UP","B",45,"MSM_202206_UP_LYSB_45CM",2022,6,6,NA,NA,215.2179,6.712972551466,NA,NA,2229.8247,62.9005557122708,NA,NA,4.0293192329,NA,NA,""
"54","COMPASS: Synoptic","CB","MSM","UP","C",45,"MSM_202206_UP_LYSC_45CM",2022,6,6,NA,NA,241.6542,7.53756082345602,NA,NA,2196.0487,61.9477771509168,NA,NA,3.9682860009,NA,NA,""
"55","COMPASS: Synoptic","CB","GCW","UP","B",10,"GCW_202207_UP_LYSB_10CM",2022,7,11,NA,NA,3.3588,0.104766063630692,NA,NA,12.7223,0.358880112834979,NA,NA,0.0230151961,NA,NA,""
"56","COMPASS: Synoptic","CB","GCW","TR","A",20,"GCW_202207_TR_LYSA_20CM",2022,7,11,NA,NA,22.5506,0.703387398627573,NA,NA,4.2462,0.119779971791255,NA,NA,0.0076988834,NA,NA,""
"57","COMPASS: Synoptic","CB","GCW","TR","B",20,"GCW_202207_TR_LYSB_20CM",2022,7,11,NA,NA,4.1594,0.129737991266376,NA,NA,24.038,0.678081805359661,NA,NA,0.043462666,NA,NA,""
"58","COMPASS: Synoptic","CB","GCW","TR","C",20,"GCW_202207_TR_LYSC_20CM",2022,7,11,NA,NA,19.4722,0.607367436057392,NA,NA,44.7562,1.26251622002821,NA,NA,0.0809004534,NA,NA,""
"59","COMPASS: Synoptic","CB","GCW","TR","A",45,"GCW_202207_TR_LYSA_45CM",2022,7,11,NA,NA,22.5602,0.703686837180287,NA,NA,2.5252,0.0712327221438646,NA,NA,0.0045890364,NA,NA,""
"60","COMPASS: Synoptic","CB","GCW","TR","B",45,"GCW_202207_TR_LYSB_45CM",2022,7,11,NA,NA,23.8275,0.743215845290081,NA,NA,29.3885,0.82901269393512,NA,NA,0.0531310195,NA,NA,""
"61","COMPASS: Synoptic","CB","GCW","TR","C",45,"GCW_202207_TR_LYSC_45CM",2022,7,11,NA,NA,26.1724,0.816356830941984,NA,NA,6.1883,0.174564174894217,NA,NA,0.0112082581,NA,NA,""
"62","COMPASS: Synoptic","CB","GCW","UP","C",10,"GCW_202207_UP_LYSC_10CM",2022,7,11,NA,NA,3.3268,0.103767935121647,NA,NA,4.8228,0.136045133991537,NA,NA,0.0087407996,NA,NA,""
"63","COMPASS: Synoptic","CB","GCW","WC","A",10,"GCW_202207_WC_LYSA_10CM",2022,7,11,NA,NA,391.9489,12.225480349345,NA,NA,4124.3958,116.344028208745,NA,NA,7.4528092106,NA,NA,""
"64","COMPASS: Synoptic","CB","GCW","WC","A",20,"GCW_202207_WC_LYSA_20CM",2022,7,11,NA,NA,277.7426,8.66321272613849,NA,NA,4099.0346,115.628620592384,NA,NA,7.4069815222,NA,NA,""
"65","COMPASS: Synoptic","CB","GCW","WC","A",45,"GCW_202207_WC_LYSA_45CM",2022,7,11,NA,NA,65.6575,2.04795695570805,NA,NA,4824.411,136.090578279267,NA,NA,8.717736677,NA,NA,""
"66","COMPASS: Synoptic","CB","GWI","UP","A",10,"GWI_202207_UP_LYSA_10CM",2022,7,13,NA,NA,342.7449,10.6907330006238,NA,NA,2303.3105,64.9734978843441,NA,NA,4.1621080735,NA,NA,""
"67","COMPASS: Synoptic","CB","GWI","UP","B",10,"GWI_202207_UP_LYSB_10CM",2022,7,13,NA,NA,148.7517,4.63979101684342,NA,NA,1221.3071,34.4515401974612,NA,NA,2.2069279297,NA,NA,""
"68","COMPASS: Synoptic","CB","GCW","UP","A",20,"GCW_202207_UP_LYSA_20CM",2022,7,11,NA,NA,4.5447,0.141756082345602,NA,NA,1.2245,0.0345416078984485,NA,NA,0.0022386715,NA,NA,""
"69","COMPASS: Synoptic","CB","GWI","UP","C",10,"GWI_202207_UP_LYSC_10CM",2022,7,13,NA,NA,702.7388,21.9194884591391,NA,NA,5105.362,144.015853314528,NA,NA,9.225415134,NA,NA,""
"70","COMPASS: Synoptic","CB","GWI","UP","A",20,"GWI_202207_UP_LYSA_20CM",2022,7,13,NA,NA,519.7981,16.2132907049283,NA,NA,3932.782,110.938843441467,NA,NA,7.106563074,NA,NA,""
"71","COMPASS: Synoptic","CB","GWI","UP","B",20,"GWI_202207_UP_LYSB_20CM",2022,7,13,NA,NA,430.5717,13.4301840299439,NA,NA,3177.9449,89.6458363892807,NA,NA,5.7425724343,NA,NA,""
"72","COMPASS: Synoptic","CB","GWI","UP","C",20,"GWI_202207_UP_LYSC_20CM",2022,7,13,NA,NA,774.4437,24.1560729881472,NA,NA,5336.3478,150.531672778561,NA,NA,9.6428064746,NA,NA,""
"73","COMPASS: Synoptic","CB","GWI","UP","A",45,"GWI_202207_UP_LYSA_45CM",2022,7,13,NA,NA,641.5114,20.0097130380536,NA,NA,4754.7098,134.124394922426,NA,NA,8.5917866086,NA,NA,""
"74","COMPASS: Synoptic","CB","GWI","UP","B",45,"GWI_202207_UP_LYSB_45CM",2022,7,13,NA,NA,646.2377,20.1571334996881,NA,NA,4407.1351,124.319748942172,NA,NA,7.9637191257,NA,NA,""
"75","COMPASS: Synoptic","CB","GWI","UP","A",10,"GWI_202207_UP_LYSA_10CM",2022,7,13,NA,NA,1035.2309,32.2904210854648,NA,NA,7264.5339,204.923382228491,NA,NA,13.1270387573,NA,NA,""
"76","COMPASS: Synoptic","CB","GWI","TR","B",10,"GWI_202207_TR_LYSB_10CM",2022,7,13,NA,NA,764.2602,23.8384341859014,NA,NA,5485.2515,154.732059238364,NA,NA,9.9118754605,NA,NA,""
"77","COMPASS: Synoptic","CB","GWI","TR","C",10,"GWI_202207_TR_LYSC_10CM",2022,7,13,NA,NA,393.6444,12.2783655645664,NA,NA,3348.8624,94.4672045133991,NA,NA,6.0514203568,NA,NA,""
"78","COMPASS: Synoptic","CB","GWI","TR","A",20,"GWI_202207_TR_LYSA_20CM",2022,7,13,NA,NA,788.8762,24.6062445414847,NA,NA,8414.2701,237.355997179125,NA,NA,15.2046120707,NA,NA,""
"79","COMPASS: Synoptic","CB","GCW","UP","B",20,"GCW_202207_UP_LYSB_20CM",2022,7,11,NA,NA,3.6999,0.1154054897068,NA,NA,11.977,0.337856135401975,NA,NA,0.021668439,NA,NA,""
"80","COMPASS: Synoptic","CB","GWI","TR","B",20,"GWI_202207_TR_LYSB_20CM",2022,7,13,NA,NA,386.4381,12.053590143481,NA,NA,7630.9817,215.260414668547,NA,NA,13.7892099319,NA,NA,""
"81","COMPASS: Synoptic","CB","GWI","TR","C",20,"GWI_202207_TR_LYSC_20CM",2022,7,13,NA,NA,765.3006,23.8708858390518,NA,NA,6142.471,173.271396332863,NA,NA,11.099471097,NA,NA,""
"82","COMPASS: Synoptic","CB","GWI","TR","A",45,"GWI_202207_TR_LYSA_45CM",2022,7,13,NA,NA,925.3642,28.8635121646912,NA,NA,7369.0268,207.870995768688,NA,NA,13.3158574276,NA,NA,""
"83","COMPASS: Synoptic","CB","GWI","TR","B",45,"GWI_202207_TR_LYSB_45CM",2022,7,13,NA,NA,1022.4111,31.8905520898316,NA,NA,8308.1946,234.363740479549,NA,NA,15.0129336422,NA,NA,""
"84","COMPASS: Synoptic","CB","GWI","TR","C",45,"GWI_202207_TR_LYSC_45CM",2022,7,13,NA,NA,1175.809,36.6752651278852,NA,NA,8155.5798,230.05866854725,NA,NA,14.7371586986,NA,NA,""
"85","COMPASS: Synoptic","CB","GCW","UP","C",20,"GCW_202207_UP_LYSC_20CM",2022,7,11,NA,NA,3.5197,0.109784778540237,NA,NA,2.7997,0.0789760225669958,NA,NA,0.0050850579,NA,NA,""
"86","COMPASS: Synoptic","CB","GCW","UP","B",45,"GCW_202207_UP_LYSB_45CM",2022,7,11,NA,NA,7.1961,0.224457267623206,NA,NA,6.8084,0.192056417489422,NA,NA,0.0123287788,NA,NA,""
"87","COMPASS: Synoptic","CB","MSM","UP","B",10,"MSM_202207_UP_LYSB_10CM",2022,7,14,NA,NA,119.0623,3.71373362445415,NA,NA,884.6905,24.9560084626234,NA,NA,1.5986617335,NA,NA,""
"88","COMPASS: Synoptic","CB","MSM","UP","C",10,"MSM_202207_UP_LYSC_10CM",2022,7,14,NA,NA,119.7154,3.73410480349345,NA,NA,1018.6301,28.7342764456982,NA,NA,1.8406905907,NA,NA,""
"89","COMPASS: Synoptic","CB","MSM","UP","A",20,"MSM_202207_UP_LYSA_20CM",2022,7,14,NA,NA,184.9015,5.76735807860262,NA,NA,2012.9327,56.7823046544429,NA,NA,3.6373953889,NA,NA,""
"90","COMPASS: Synoptic","CB","MSM","UP","B",20,"MSM_202207_UP_LYSB_20CM",2022,7,14,NA,NA,123.0181,3.83712102308172,NA,NA,1103.9664,31.1415063469676,NA,NA,1.9948932848,NA,NA,""
"91","COMPASS: Synoptic","CB","MSM","UP","C",20,"MSM_202207_UP_LYSC_20CM",2022,7,14,NA,NA,166.3247,5.18791952588896,NA,NA,1670.7735,47.1304231311707,NA,NA,3.0191137145,NA,NA,""
"92","COMPASS: Synoptic","CB","MSM","UP","A",45,"MSM_202207_UP_LYSA_45CM",2022,7,14,NA,NA,200.5974,6.25693699313787,NA,NA,2471.6349,69.7217179125529,NA,NA,4.4662702643,NA,NA,""
"93","COMPASS: Synoptic","CB","MSM","UP","B",45,"MSM_202207_UP_LYSB_45CM",2022,7,14,NA,NA,244.3392,7.62131004366812,NA,NA,2152.0769,60.7073878702398,NA,NA,3.8888289583,NA,NA,""
"94","COMPASS: Synoptic","CB","MSM","UP","C",45,"MSM_202207_UP_LYSC_45CM",2022,7,14,NA,NA,295.8905,9.22927323767935,NA,NA,2639.3236,74.4520056417489,NA,NA,4.7692837452,NA,NA,""
"95","COMPASS: Synoptic","CB","GCW","UP","C",45,"GCW_202207_UP_LYSC_45CM",2022,7,11,NA,NA,8.8104,0.274809731752963,NA,NA,29.1268,0.821630465444288,NA,NA,0.0526581276,NA,NA,""
"96","COMPASS: Synoptic","CB","MSM","TR","A",10,"MSM_202207_TR_LYSA_10CM",2022,7,14,NA,NA,327.6731,10.2206207111666,NA,NA,2362.5675,66.6450634696756,NA,NA,4.2691854725,NA,NA,""
"97","COMPASS: Synoptic","CB","MSM","TR","B",10,"MSM_202207_TR_LYSB_10CM",2022,7,14,NA,NA,414.8244,12.939001871491,NA,NA,3071.4164,86.6408011283498,NA,NA,5.5500754348,NA,NA,""
"98","COMPASS: Synoptic","CB","MSM","TR","C",10,"MSM_202207_TR_LYSC_10CM",2022,7,14,NA,NA,384.2227,11.9844884591391,NA,NA,3079.0178,86.8552270803949,NA,NA,5.5638111646,NA,NA,""
"99","COMPASS: Synoptic","CB","MSM","TR","A",20,"MSM_202207_TR_LYSA_20CM",2022,7,14,NA,NA,432.8485,13.5012008733624,NA,NA,2931.0333,82.6807700987306,NA,NA,5.2964031731,NA,NA,""
"100","COMPASS: Synoptic","CB","MSM","TR","B",20,"MSM_202207_TR_LYSB_20CM",2022,7,14,NA,NA,249.469,7.7813162819713,NA,NA,2766.1286,78.0290155148096,NA,NA,4.9984203802,NA,NA,""
"101","COMPASS: Synoptic","CB","MSM","TR","C",20,"MSM_202207_TR_LYSC_20CM",2022,7,14,NA,NA,279.6787,8.72360262008734,NA,NA,3079.6877,86.8741241184767,NA,NA,5.5650216739,NA,NA,""
"102","COMPASS: Synoptic","CB","MSM","TR","A",45,"MSM_202207_TR_LYSA_45CM",2022,7,14,NA,NA,500.9737,15.6261291328759,NA,NA,3509.2634,98.9919153737658,NA,NA,6.3412649638,NA,NA,""
"103","COMPASS: Synoptic","CB","MSM","TR","B",45,"MSM_202207_TR_LYSB_45CM",2022,7,14,NA,NA,348.8308,10.8805614472863,NA,NA,3349.064,94.4728913963329,NA,NA,6.051784648,NA,NA,""
"104","COMPASS: Synoptic","CB","MSM","TR","C",45,"MSM_202207_TR_LYSC_45CM",2022,7,14,NA,NA,503.2238,15.6963131628197,NA,NA,3667.0027,103.441543018336,NA,NA,6.6262998789,NA,NA,""
"105","COMPASS: Synoptic","CB","GCW","TR","B",10,"GCW_202207_TR_LYSB_10CM",2022,7,11,NA,NA,6.0239,0.187894572676232,NA,NA,43.1294,1.21662623413258,NA,NA,0.0779608258,NA,NA,""
"106","COMPASS: Synoptic","CB","GCW","TR","C",10,"GCW_202207_TR_LYSC_10CM",2022,7,11,NA,NA,14.4031,0.449254522769807,NA,NA,31.7915,0.896798307475317,NA,NA,0.0574732405,NA,NA,""
"107","COMPASS: Synoptic","CB","GCW","UP","A",20,"GCW_202208_UP_LYSA_20CM",2022,8,15,NA,NA,2.4251,0.0756425452276981,NA,NA,10.7228,0.302476727785614,NA,NA,0.0194020996,NA,NA,""
"108","COMPASS: Synoptic","CB","GCW","TR","B",20,"GCW_202208_TR_LYSB_20CM",2022,8,15,NA,NA,1.9019,0.0593231441048035,NA,NA,6.6606,0.187887165021157,NA,NA,0.0120617042,NA,NA,""
"109","COMPASS: Synoptic","CB","GCW","TR","B",45,"GCW_202208_TR_LYSB_45CM",2022,8,15,NA,NA,2.7212,0.0848783530879601,NA,NA,3.1153,0.0878787023977433,NA,NA,0.0056553471,NA,NA,""
"110","COMPASS: Synoptic","CB","GCW","TR","C",10,"GCW_202208_TR_LYSC_10CM",2022,8,15,NA,NA,5.3369,0.166466001247661,NA,NA,27.0484,0.763001410437235,NA,NA,0.0489024588,NA,NA,""
"111","COMPASS: Synoptic","CB","GCW","TR","C",20,"GCW_202208_TR_LYSC_20CM",2022,8,15,NA,NA,2.5114,0.0783343730505303,NA,NA,35.9906,1.01524964739069,NA,NA,0.0650610142,NA,NA,""
"112","COMPASS: Synoptic","CB","GCW","TR","C",45,"GCW_202208_TR_LYSC_45CM",2022,8,15,NA,NA,20.8843,0.651412975670618,NA,NA,4.861,0.137122708039492,NA,NA,0.008809827,NA,NA,""
"113","COMPASS: Synoptic","CB","GCW","UP","B",10,"GCW_202208_UP_LYSB_10CM",2022,8,15,NA,NA,2.1244,0.0662632563942608,NA,NA,2.74,0.0772919605077574,NA,NA,0.00497718,NA,NA,""
"114","COMPASS: Synoptic","CB","GCW","WC","A",10,"GCW_202208_WC_LYSA_10CM",2022,8,15,NA,NA,726.8367,22.6711384903306,NA,NA,4848.3842,136.766832157969,NA,NA,8.7610562494,NA,NA,""
"115","COMPASS: Synoptic","CB","GCW","WC","A",20,"GCW_202208_WC_LYSA_20CM",2022,8,15,NA,NA,521.7319,16.2736088583905,NA,NA,8833.1347,249.171641748942,NA,NA,15.9615004029,NA,NA,""
"116","COMPASS: Synoptic","CB","GCW","WC","A",45,"GCW_202208_WC_LYSA_45CM",2022,8,15,NA,NA,25.4716,0.794497816593886,NA,NA,4759.3224,134.254510578279,NA,NA,8.6001215768,NA,NA,""
"117","COMPASS: Synoptic","CB","GCW","SW","A",0,"GCW_202208_SW_A",2022,8,15,NA,NA,676.2962,21.0947036805989,NA,NA,5025.4214,141.760829337094,NA,NA,9.0809624698,NA,NA,""
"118","COMPASS: Synoptic","CB","GCW","SW","B",0,"GCW_202208_SW_B",2022,8,15,NA,NA,706.1613,22.0262414223331,NA,NA,5249.1061,148.07069393512,NA,NA,9.4851607227,NA,NA,""
"119","COMPASS: Synoptic","CB","GCW","SW","C",0,"GCW_202208_SW_C",2022,8,15,NA,NA,649.4723,20.258025577043,NA,NA,4840.8344,136.553861777151,NA,NA,8.7474137608,NA,NA,""
"120","COMPASS: Synoptic","CB","GCW","UP","B",20,"GCW_202208_UP_LYSB_20CM",2022,8,15,NA,NA,2.8035,0.0874454148471616,NA,NA,1.5278,0.0430973201692525,NA,NA,0.0027867346,NA,NA,""
"121","COMPASS: Synoptic","CB","GWI","UP","A",10,"GWI_202208_UP_LYSA_10CM",2022,8,18,NA,NA,486.9415,15.1884435433562,NA,NA,3506.9076,98.925461212976,NA,NA,6.3370080332,NA,NA,""
"122","COMPASS: Synoptic","CB","GWI","UP","A",20,"GWI_202208_UP_LYSA_20CM",2022,8,18,NA,NA,536.3795,16.7304897067997,NA,NA,4064.2796,114.648225669958,NA,NA,7.3441792372,NA,NA,""
"123","COMPASS: Synoptic","CB","GWI","UP","A",45,"GWI_202208_UP_LYSA_45CM",2022,8,18,NA,NA,1185.7101,36.9840954460387,NA,NA,9581.8268,270.29130606488,NA,NA,17.3143870276,NA,NA,""
"124","COMPASS: Synoptic","CB","GWI","UP","B",10,"GWI_202208_UP_LYSB_10CM",2022,8,18,NA,NA,419.6273,13.0888116032439,NA,NA,3434.7029,96.8886572637518,NA,NA,6.2065341403,NA,NA,""
"125","COMPASS: Synoptic","CB","GWI","UP","B",10,"GWI_202208_UP_LYSB_10CM",2022,8,18,NA,NA,419.6273,13.0888116032439,NA,NA,2259.7299,63.744143864598,NA,NA,4.0833579293,NA,NA,""
"126","COMPASS: Synoptic","CB","GWI","UP","B",10,"GWI_202208_UP_LYSB_10CM",2022,8,18,NA,NA,419.6273,13.0888116032439,NA,NA,3438.2963,96.9900225669958,NA,NA,6.2130274141,NA,NA,""
"127","COMPASS: Synoptic","CB","GWI","UP","B",10,"GWI_202208_UP_LYSB_10CM",2022,8,18,NA,NA,419.6273,13.0888116032439,NA,NA,3434.2094,96.874736248237,NA,NA,6.2056423858,NA,NA,""
"128","COMPASS: Synoptic","CB","GWI","UP","B",10,"GWI_202208_UP_LYSB_10CM",2022,8,18,NA,NA,281.8372,8.79092950717405,NA,NA,3434.7029,96.8886572637518,NA,NA,6.2065341403,NA,NA,""
"129","COMPASS: Synoptic","CB","GWI","UP","B",10,"GWI_202208_UP_LYSB_10CM",2022,8,18,NA,NA,281.8372,8.79092950717405,NA,NA,2259.7299,63.744143864598,NA,NA,4.0833579293,NA,NA,""
"130","COMPASS: Synoptic","CB","GWI","UP","B",10,"GWI_202208_UP_LYSB_10CM",2022,8,18,NA,NA,281.8372,8.79092950717405,NA,NA,3438.2963,96.9900225669958,NA,NA,6.2130274141,NA,NA,""
"131","COMPASS: Synoptic","CB","GWI","UP","B",10,"GWI_202208_UP_LYSB_10CM",2022,8,18,NA,NA,281.8372,8.79092950717405,NA,NA,3434.2094,96.874736248237,NA,NA,6.2056423858,NA,NA,""
"132","COMPASS: Synoptic","CB","GWI","UP","B",10,"GWI_202208_UP_LYSB_10CM",2022,8,18,NA,NA,420.5175,13.1165782907049,NA,NA,3434.7029,96.8886572637518,NA,NA,6.2065341403,NA,NA,""
"133","COMPASS: Synoptic","CB","GWI","UP","B",10,"GWI_202208_UP_LYSB_10CM",2022,8,18,NA,NA,420.5175,13.1165782907049,NA,NA,2259.7299,63.744143864598,NA,NA,4.0833579293,NA,NA,""
"134","COMPASS: Synoptic","CB","GWI","UP","B",10,"GWI_202208_UP_LYSB_10CM",2022,8,18,NA,NA,420.5175,13.1165782907049,NA,NA,3438.2963,96.9900225669958,NA,NA,6.2130274141,NA,NA,""
"135","COMPASS: Synoptic","CB","GWI","UP","B",10,"GWI_202208_UP_LYSB_10CM",2022,8,18,NA,NA,420.5175,13.1165782907049,NA,NA,3434.2094,96.874736248237,NA,NA,6.2056423858,NA,NA,""
"136","COMPASS: Synoptic","CB","GWI","UP","B",10,"GWI_202208_UP_LYSB_10CM",2022,8,18,NA,NA,420.0492,13.1019713038054,NA,NA,3434.7029,96.8886572637518,NA,NA,6.2065341403,NA,NA,""
"137","COMPASS: Synoptic","CB","GWI","UP","B",10,"GWI_202208_UP_LYSB_10CM",2022,8,18,NA,NA,420.0492,13.1019713038054,NA,NA,2259.7299,63.744143864598,NA,NA,4.0833579293,NA,NA,""
"138","COMPASS: Synoptic","CB","GWI","UP","B",10,"GWI_202208_UP_LYSB_10CM",2022,8,18,NA,NA,420.0492,13.1019713038054,NA,NA,3438.2963,96.9900225669958,NA,NA,6.2130274141,NA,NA,""
"139","COMPASS: Synoptic","CB","GWI","UP","B",10,"GWI_202208_UP_LYSB_10CM",2022,8,18,NA,NA,420.0492,13.1019713038054,NA,NA,3434.2094,96.874736248237,NA,NA,6.2056423858,NA,NA,""
"140","COMPASS: Synoptic","CB","GWI","UP","B",20,"GWI_202208_UP_LYSB_20CM",2022,8,18,NA,NA,421.24,13.1391141609482,NA,NA,3438.0829,96.9840028208745,NA,NA,6.2126418003,NA,NA,""
"141","COMPASS: Synoptic","CB","GWI","UP","B",45,"GWI_202208_UP_LYSB_45CM",2022,8,18,NA,NA,545.7102,17.0215283842795,NA,NA,4284.8729,120.870885754584,NA,NA,7.7427913303,NA,NA,""
"142","COMPASS: Synoptic","CB","GWI","UP","C",10,"GWI_202208_UP_LYSC_10CM",2022,8,18,NA,NA,618.2517,19.2842077354959,NA,NA,5109.2591,144.12578561354,NA,NA,9.2324571937,NA,NA,""
"143","COMPASS: Synoptic","CB","GWI","UP","C",20,"GWI_202208_UP_LYSC_20CM",2022,8,18,NA,NA,535.7515,16.7109014348097,NA,NA,4748.0596,133.93680112835,NA,NA,8.5797696972,NA,NA,""
"144","COMPASS: Synoptic","CB","GWI","TR","A",10,"GWI_202208_TR_LYSA_10CM",2022,8,18,NA,NA,778.0269,24.2678384279476,NA,NA,6604.1369,186.294411847673,NA,NA,11.9337013783,NA,NA,""
"145","COMPASS: Synoptic","CB","GWI","TR","A",20,"GWI_202208_TR_LYSA_20CM",2022,8,18,NA,NA,533.0071,16.6252994385527,NA,NA,8009.3099,225.932578279267,NA,NA,14.4728489893,NA,NA,""
"146","COMPASS: Synoptic","CB","GCW","UP","B",45,"GCW_202208_UP_LYSB_45CM",2022,8,15,NA,NA,6.1576,0.192064878353088,NA,NA,26.9899,0.76135119887165,NA,NA,0.0487967493,NA,NA,""
"147","COMPASS: Synoptic","CB","GWI","TR","A",45,"GWI_202208_TR_LYSA_45CM",2022,8,18,NA,NA,658.9266,20.552919525889,NA,NA,7268.5465,205.036572637518,NA,NA,13.1342895255,NA,NA,""
"148","COMPASS: Synoptic","CB","GWI","TR","B",10,"GWI_202208_TR_LYSB_10CM",2022,8,18,NA,NA,1023.1981,31.9150998128509,NA,NA,6852.2538,193.293478138223,NA,NA,12.3820486166,NA,NA,""
"149","COMPASS: Synoptic","CB","GWI","TR","B",20,"GWI_202208_TR_LYSB_20CM",2022,8,18,NA,NA,150.2146,4.68542108546475,NA,NA,7523.8989,212.239743300423,NA,NA,13.5957113123,NA,NA,""
"150","COMPASS: Synoptic","CB","GWI","TR","B",45,"GWI_202208_TR_LYSB_45CM",2022,8,18,NA,NA,921.8022,28.7524079850281,NA,NA,8193.0316,231.115136812412,NA,NA,14.8048341012,NA,NA,""
"151","COMPASS: Synoptic","CB","GWI","TR","C",10,"GWI_202208_TR_LYSC_10CM",2022,8,18,NA,NA,861.6755,26.8769650655022,NA,NA,5741.8935,161.971607898448,NA,NA,10.3756275545,NA,NA,""
"152","COMPASS: Synoptic","CB","GWI","TR","C",20,"GWI_202208_TR_LYSC_20CM",2022,8,18,NA,NA,741.0385,23.1141141609482,NA,NA,6654.258,187.7082651622,NA,NA,12.024270206,NA,NA,""
"153","COMPASS: Synoptic","CB","GWI","TR","C",45,"GWI_202208_TR_LYSC_45CM",2022,8,18,NA,NA,1066.1956,33.2562570180911,NA,NA,7915.2705,223.279844851904,NA,NA,14.3029197935,NA,NA,""
"154","COMPASS: Synoptic","CB","GCW","UP","C",20,"GCW_202208_UP_LYSC_20CM",2022,8,15,NA,NA,3.0541,0.0952620087336244,NA,NA,26.3339,0.742846262341326,NA,NA,0.0476113573,NA,NA,""
"155","COMPASS: Synoptic","CB","GWI","SW","A",0,"GWI_202208_SW_A",2022,8,18,NA,NA,2659.6013,82.9569962570181,NA,NA,14576.8593,411.194902679831,NA,NA,26.3404107551,NA,NA,""
"156","COMPASS: Synoptic","CB","GWI","SW","B",0,"GWI_202208_SW_B",2022,8,18,NA,NA,1772.3515,55.2823300062383,NA,NA,12965.0314,365.727260930889,NA,NA,23.4278377398,NA,NA,""
"157","COMPASS: Synoptic","CB","GWI","SW","C",0,"GWI_202208_SW_C",2022,8,18,NA,NA,1714.6325,53.4819868995633,NA,NA,12548.6343,353.981221438646,NA,NA,22.6754081801,NA,NA,""
"158","COMPASS: Synoptic","CB","GCW","UP","C",45,"GCW_202208_UP_LYSC_45CM",2022,8,15,NA,NA,6.0238,0.187891453524641,NA,NA,5.314,0.149901269393512,NA,NA,0.009628398,NA,NA,""
"159","COMPASS: Synoptic","CB","GCW","TR","A",10,"GCW_202208_TR_LYSA_10CM",2022,8,15,NA,NA,6.2806,0.195901434809732,NA,NA,3.7362,0.105393511988716,NA,NA,0.0067773134,NA,NA,""
"160","COMPASS: Synoptic","CB","GCW","TR","A",20,"GCW_202208_TR_LYSA_20CM",2022,8,15,NA,NA,11.2477,0.350832813474735,NA,NA,3.7475,0.105712270803949,NA,NA,0.0067977325,NA,NA,""
"161","COMPASS: Synoptic","CB","GCW","TR","A",45,"GCW_202208_TR_LYSA_45CM",2022,8,15,NA,NA,16.6168,0.518303181534623,NA,NA,2.1285,0.0600423131170663,NA,NA,0.0038721995,NA,NA,""
"162","COMPASS: Synoptic","CB","MSM","UP","A",20,"MSM_202208_UP_LYSA_20CM",2022,8,31,NA,NA,157.5194,4.91326887086712,NA,NA,1860.3225,52.4773624823695,NA,NA,3.3616287575,NA,NA,""
"163","COMPASS: Synoptic","CB","MSM","TR","A",20,"MSM_202208_TR_LYSA_20CM",2022,8,31,NA,NA,406.2132,12.6704054897068,NA,NA,2697.0533,76.0804880112835,NA,NA,4.8736013131,NA,NA,""
"164","COMPASS: Synoptic","CB","MSM","TR","A",45,"MSM_202208_TR_LYSA_45CM",2022,8,31,NA,NA,469.2068,14.6352713661884,NA,NA,3444.0709,97.1529167842031,NA,NA,6.2234621163,NA,NA,""
"165","COMPASS: Synoptic","CB","MSM","TR","B",10,"MSM_202208_TR_LYSB_10CM",2022,8,31,NA,NA,378.0426,11.7917217716781,NA,NA,2925.5982,82.5274527503526,NA,NA,5.2865819474,NA,NA,""
"166","COMPASS: Synoptic","CB","MSM","TR","B",20,"MSM_202208_TR_LYSB_20CM",2022,8,31,NA,NA,169.541,5.28824079850281,NA,NA,2694.2745,76.0021015514809,NA,NA,4.8685800215,NA,NA,""
"167","COMPASS: Synoptic","CB","MSM","TR","B",45,"MSM_202208_TR_LYSB_45CM",2022,8,31,NA,NA,285.5842,8.9078041172801,NA,NA,3085.4377,87.0363244005642,NA,NA,5.5754119239,NA,NA,""
"168","COMPASS: Synoptic","CB","MSM","TR","C",10,"MSM_202208_TR_LYSC_10CM",2022,8,31,NA,NA,401.9924,12.5387523393637,NA,NA,3133.7062,88.3979181946403,NA,NA,5.6626331034,NA,NA,""
"169","COMPASS: Synoptic","CB","MSM","TR","C",20,"MSM_202208_TR_LYSC_20CM",2022,8,31,NA,NA,281.1557,8.76967248908297,NA,NA,2884.2085,81.3599012693935,NA,NA,5.2117907595,NA,NA,""
"170","COMPASS: Synoptic","CB","MSM","TR","C",45,"MSM_202208_TR_LYSC_45CM",2022,8,31,NA,NA,500.6626,15.616425452277,NA,NA,3680.3177,103.817142454161,NA,NA,6.6503600839,NA,NA,""
"171","COMPASS: Synoptic","CB","MSM","UP","A",45,"MSM_202208_UP_LYSA_45CM",2022,8,31,NA,NA,185.4838,5.78552089831566,NA,NA,2505.1425,70.6669252468265,NA,NA,4.5268184975,NA,NA,""
"172","COMPASS: Synoptic","CB","MSM","SW","A",0,"MSM_202208_SW_A",2022,8,31,NA,NA,1023.1997,31.9151497192764,NA,NA,7614.686,214.800733427362,NA,NA,13.759763602,NA,NA,""
"173","COMPASS: Synoptic","CB","MSM","SW","B",0,"MSM_202208_SW_B",2022,8,31,NA,NA,1036.0978,32.3174610106051,NA,NA,7696.6153,217.111856135402,NA,NA,13.9078098471,NA,NA,""
"174","COMPASS: Synoptic","CB","MSM","SW","C",0,"MSM_202208_SW_C",2022,8,31,NA,NA,502.3477,15.668986275733,NA,NA,3725.7517,105.098778561354,NA,NA,6.7324593219,NA,NA,""
"175","COMPASS: Synoptic","CB","MSM","UP","B",10,"MSM_202208_UP_LYSB_10CM",2022,8,31,NA,NA,106.3955,3.31863693075483,NA,NA,724.1041,20.4260677009873,NA,NA,1.3084821087,NA,NA,""
"176","COMPASS: Synoptic","CB","MSM","UP","B",20,"MSM_202208_UP_LYSB_20CM",2022,8,31,NA,NA,100.6902,3.14067997504679,NA,NA,794.4473,22.4103610719323,NA,NA,1.4355922711,NA,NA,""
"177","COMPASS: Synoptic","CB","MSM","UP","B",45,"MSM_202208_UP_LYSB_45CM",2022,8,31,NA,NA,226.6307,7.06895508421709,NA,NA,2036.4254,57.4450042313117,NA,NA,3.6798466978,NA,NA,""
"178","COMPASS: Synoptic","CB","MSM","UP","C",10,"MSM_202208_UP_LYSC_10CM",2022,8,31,NA,NA,86.0538,2.68414847161572,NA,NA,906.846,25.5809873060649,NA,NA,1.638696722,NA,NA,""
"179","COMPASS: Synoptic","CB","MSM","UP","C",20,"MSM_202208_UP_LYSC_20CM",2022,8,31,NA,NA,126.311,3.9398315658141,NA,NA,1431.205,40.3724964739069,NA,NA,2.586213435,NA,NA,""
"180","COMPASS: Synoptic","CB","MSM","UP","C",45,"MSM_202208_UP_LYSC_45CM",2022,8,31,NA,NA,9.8873,0.308399875233936,NA,NA,2.0883,0.0589083215796897,NA,NA,0.0037995581,NA,NA,""
"181","COMPASS: Synoptic","CB","MSM","TR","A",10,"MSM_202208_TR_LYSA_10CM",2022,8,31,NA,NA,472.809,14.747629444791,NA,NA,3629.7693,102.391235543018,NA,NA,6.5590191251,NA,NA,""
"182","COMPASS: Synoptic","CB","MSM","UP","A",20,"MSM_202209_UP_LYSA_20CM",2022,9,18,NA,NA,185.4786,5.78535870243294,NA,NA,2155.4837,60.8034894217207,NA,NA,3.8949850459,NA,NA,""
"183","COMPASS: Synoptic","CB","MSM","TR","A",20,"MSM_202209_TR_LYSA_20CM",2022,9,18,NA,NA,505.359,15.7629132875858,NA,NA,3550.8813,100.165904090268,NA,NA,6.4164685091,NA,NA,""
"184","COMPASS: Synoptic","CB","MSM","TR","A",45,"MSM_202209_TR_LYSA_45CM",2022,9,18,NA,NA,505.958,15.7815970056145,NA,NA,4102.3381,115.721808180536,NA,NA,7.4129509467,NA,NA,""
"185","COMPASS: Synoptic","CB","MSM","TR","B",10,"MSM_202209_TR_LYSB_10CM",2022,9,18,NA,NA,554.2428,17.2876731129133,NA,NA,5302.4598,149.5757348378,NA,NA,9.5815708586,NA,NA,""
"186","COMPASS: Synoptic","CB","MSM","TR","B",20,"MSM_202209_TR_LYSB_20CM",2022,9,18,NA,NA,401.4114,12.5206300686213,NA,NA,4386.958,123.750578279267,NA,NA,7.927259106,NA,NA,""
"187","COMPASS: Synoptic","CB","MSM","TR","C",10,"MSM_202209_TR_LYSC_10CM",2022,9,18,NA,NA,528.2071,16.4755801621959,NA,NA,5217.3394,147.174595204513,NA,NA,9.4277582958,NA,NA,""
"188","COMPASS: Synoptic","CB","MSM","TR","C",20,"MSM_202209_TR_LYSC_20CM",2022,9,18,NA,NA,282.8731,8.82324079850281,NA,NA,4018.9656,113.36997461213,NA,NA,7.2622968392,NA,NA,""
"189","COMPASS: Synoptic","CB","MSM","TR","C",45,"MSM_202209_TR_LYSC_45CM",2022,9,18,NA,NA,349.7409,10.9089488459139,NA,NA,4020.9585,113.426191819464,NA,NA,7.2658980095,NA,NA,""
"190","COMPASS: Synoptic","CB","MSM","UP","A",45,"MSM_202209_UP_LYSA_45CM",2022,9,18,NA,NA,219.3885,6.84305988771054,NA,NA,2904.6761,81.9372665726375,NA,NA,5.2487757127,NA,NA,""
"191","COMPASS: Synoptic","CB","MSM","SW","A",0,"MSM_202209_SW_A",2022,9,18,NA,NA,2421.399,75.5271054273238,NA,NA,18122.6203,511.216369534556,NA,NA,32.7476008821,NA,NA,""
"192","COMPASS: Synoptic","CB","MSM","SW","B",0,"MSM_202209_SW_B",2022,9,18,NA,NA,2568.7298,80.122576419214,NA,NA,19169.2282,540.739864598025,NA,NA,34.6388213574,NA,NA,""
"193","COMPASS: Synoptic","CB","MSM","SW","C",0,"MSM_202209_SW_C",2022,9,18,NA,NA,2561.9768,79.9119401122894,NA,NA,19079.5703,538.210727785613,NA,NA,34.4768095321,NA,NA,""
"194","COMPASS: Synoptic","CB","GWI","UP","A",20,"GWI_202209_UP_LYSA_20CM",2022,9,22,NA,NA,768.0581,23.9568964441672,NA,NA,6435.7454,181.544299012694,NA,NA,11.6294179378,NA,NA,""
"195","COMPASS: Synoptic","CB","MSM","UP","B",10,"MSM_202209_UP_LYSB_10CM",2022,9,18,NA,NA,111.5232,3.47857766687461,NA,NA,787.0968,22.2030126939351,NA,NA,1.4223099176,NA,NA,""
"196","COMPASS: Synoptic","CB","GWI","UP","A",20,"GWI_202209_UP_LYSA_20CM",2022,9,22,NA,NA,658.08,20.5265127885215,NA,NA,5681.5527,160.269469675599,NA,NA,10.2665917289,NA,NA,""
"197","COMPASS: Synoptic","CB","GWI","UP","A",45,"GWI_202209_UP_LYSA_45CM",2022,9,22,NA,NA,660.3451,20.597164691204,NA,NA,5639.4854,159.082803949224,NA,NA,10.1905761178,NA,NA,""
"198","COMPASS: Synoptic","CB","GWI","UP","B",10,"GWI_202209_UP_LYSB_10CM",2022,9,22,NA,NA,617.3104,19.254847161572,NA,NA,5109.0418,144.119655853315,NA,NA,9.2320645326,NA,NA,""
"199","COMPASS: Synoptic","CB","GWI","UP","B",20,"GWI_202209_UP_LYSB_20CM",2022,9,22,NA,NA,662.2054,20.655190268247,NA,NA,5497.4765,155.076911142454,NA,NA,9.9339660355,NA,NA,""
"200","COMPASS: Synoptic","CB","GWI","UP","B",45,"GWI_202209_UP_LYSB_45CM",2022,9,22,NA,NA,757.4692,23.6266126013724,NA,NA,6268.9506,176.839227080395,NA,NA,11.3280197342,NA,NA,""
"201","COMPASS: Synoptic","CB","GWI","UP","C",10,"GWI_202209_UP_LYSC_10CM",2022,9,22,NA,NA,972.9317,30.3472145976294,NA,NA,8451.7001,238.411850493653,NA,NA,15.2722480807,NA,NA,""
"202","COMPASS: Synoptic","CB","GWI","UP","C",20,"GWI_202209_UP_LYSC_20CM",2022,9,22,NA,NA,853.226,26.6134123518403,NA,NA,8029.0787,226.490231311707,NA,NA,14.5085712109,NA,NA,""
"203","COMPASS: Synoptic","CB","GWI","TR","A",10,"GWI_202209_TR_LYSA_10CM",2022,9,22,NA,NA,1157.2521,36.0964472863381,NA,NA,9359.8905,264.030761636107,NA,NA,16.9133481335,NA,NA,""
"204","COMPASS: Synoptic","CB","GWI","TR","A",20,"GWI_202209_TR_LYSA_20CM",2022,9,22,NA,NA,608.0759,18.9668091079226,NA,NA,9328.8425,263.154936530324,NA,NA,16.8572443975,NA,NA,""
"205","COMPASS: Synoptic","CB","GWI","TR","A",45,"GWI_202209_TR_LYSA_45CM",2022,9,22,NA,NA,689.8972,21.5189394884591,NA,NA,8687.1963,245.054902679831,NA,NA,15.6977897141,NA,NA,""
"206","COMPASS: Synoptic","CB","MSM","UP","B",20,"MSM_202209_UP_LYSB_20CM",2022,9,18,NA,NA,100.0613,3.12106363069245,NA,NA,940.4314,26.528389280677,NA,NA,1.6993855398,NA,NA,""
"207","COMPASS: Synoptic","CB","GWI","TR","B",10,"GWI_202209_TR_LYSB_10CM",2022,9,22,NA,NA,1698.7295,52.9859482220836,NA,NA,12719.2675,358.794569816643,NA,NA,22.9837423725,NA,NA,""
"208","COMPASS: Synoptic","CB","GWI","TR","B",20,"GWI_202209_TR_LYSB_20CM",2022,9,22,NA,NA,234.6447,7.31892389270118,NA,NA,9633.9934,271.762860366714,NA,NA,17.4086520738,NA,NA,""
"209","COMPASS: Synoptic","CB","GWI","TR","B",45,"GWI_202209_TR_LYSB_45CM",2022,9,22,NA,NA,1061.1332,33.0983530879601,NA,NA,9572.9728,270.04154583921,NA,NA,17.2983878496,NA,NA,""
"210","COMPASS: Synoptic","CB","GWI","TR","C",10,"GWI_202209_TR_LYSC_10CM",2022,9,22,NA,NA,1711.1247,53.3725733000624,NA,NA,12677.0072,357.602459802539,NA,NA,22.9073780104,NA,NA,""
"211","COMPASS: Synoptic","CB","GWI","TR","C",20,"GWI_202209_TR_LYSC_20CM",2022,9,22,NA,NA,1311.3738,40.9037367436057,NA,NA,10942.8498,308.684056417489,NA,NA,19.7737555886,NA,NA,""
"212","COMPASS: Synoptic","CB","GWI","TR","C",45,"GWI_202209_TR_LYSC_45CM",2022,9,22,NA,NA,1212.2979,37.8134092326887,NA,NA,9277.8011,261.715122708039,NA,NA,16.7650125877,NA,NA,""
"213","COMPASS: Synoptic","CB","MSM","UP","B",45,"MSM_202209_UP_LYSB_45CM",2022,9,18,NA,NA,260.305,8.11930754834685,NA,NA,2391.3201,67.4561382228491,NA,NA,4.3211414207,NA,NA,""
"214","COMPASS: Synoptic","CB","GWI","SW","A",0,"GWI_202209_SW_A",2022,9,22,NA,NA,1915.1562,59.7366250779788,NA,NA,14113.3028,398.118555712271,NA,NA,25.5027641596,NA,NA,""
"215","COMPASS: Synoptic","CB","GWI","SW","B",0,"GWI_202209_SW_B",2022,9,22,NA,NA,1900.3468,59.2746974422957,NA,NA,13984.4804,394.48463751763,NA,NA,25.2699820828,NA,NA,""
"216","COMPASS: Synoptic","CB","GWI","SW","C",0,"GWI_202209_SW_C",2022,9,22,NA,NA,1992.7458,62.1567623206488,NA,NA,14697.3038,414.592490832158,NA,NA,26.5580539666,NA,NA,""
"217","COMPASS: Synoptic","CB","GCW","UP","A",20,"GCW_202209_UP_LYSA_20CM",2022,9,19,NA,NA,6.3756,0.198864628820961,NA,NA,2.7097,0.0764372355430183,NA,NA,0.0049224279,NA,NA,""
"218","COMPASS: Synoptic","CB","GCW","TR","A",20,"GCW_202209_TR_LYSA_20CM",2022,9,19,NA,NA,10.4618,0.326319401122895,NA,NA,4.9391,0.13932581100141,NA,NA,0.0089509537,NA,NA,""
"219","COMPASS: Synoptic","CB","MSM","TR","C",10,"MSM_202209_TR_LYSC_10CM",2022,9,18,NA,NA,103.6062,3.23163443543356,NA,NA,1078.225,30.4153737658674,NA,NA,1.948378575,NA,NA,""
"220","COMPASS: Synoptic","CB","GCW","TR","A",45,"GCW_202209_TR_LYSA_45CM",2022,9,19,NA,NA,20.1818,0.629500935745477,NA,NA,4.8398,0.136524682651622,NA,NA,0.0087715186,NA,NA,""
"221","COMPASS: Synoptic","CB","GCW","TR","B",10,"GCW_202209_TR_LYSB_10CM",2022,9,19,NA,NA,87.6693,2.73453836556457,NA,NA,856.2971,24.1550662905501,NA,NA,1.5473548597,NA,NA,""
"222","COMPASS: Synoptic","CB","GCW","TR","B",20,"GCW_202209_TR_LYSB_20CM",2022,9,19,NA,NA,5.8173,0.181450405489707,NA,NA,84.9773,2.39710296191819,NA,NA,0.1535799811,NA,NA,""
"223","COMPASS: Synoptic","CB","GCW","TR","B",45,"GCW_202209_TR_LYSB_45CM",2022,9,19,NA,NA,3.8628,0.12048658764816,NA,NA,45.7117,1.28946967559944,NA,NA,0.0826270419,NA,NA,""
"224","COMPASS: Synoptic","CB","GCW","TR","C",10,"GCW_202209_TR_LYSC_10CM",2022,9,19,NA,NA,27.2237,0.84914847161572,NA,NA,41.778,1.17850493653032,NA,NA,0.075518846,NA,NA,""
"225","COMPASS: Synoptic","CB","GCW","TR","C",20,"GCW_202209_TR_LYSC_20CM",2022,9,19,NA,NA,3.0774,0.0959887710542732,NA,NA,38.8503,1.09591819464034,NA,NA,0.0702284921,NA,NA,""
"226","COMPASS: Synoptic","CB","GCW","TR","C",45,"GCW_202209_TR_LYSC_45CM",2022,9,19,NA,NA,24.2209,0.75548658764816,NA,NA,37.0775,1.04590973201693,NA,NA,0.0670250425,NA,NA,""
"227","COMPASS: Synoptic","CB","MSM","UP","C",20,"MSM_202209_UP_LYSC_20CM",2022,9,18,NA,NA,146.242,4.56150966936993,NA,NA,1725.1963,48.6656220028209,NA,NA,3.1174557141,NA,NA,""
"228","COMPASS: Synoptic","CB","GCW","SW","A",0,"GCW_202209_SW_A",2022,9,19,NA,NA,1082.1631,33.7543075483468,NA,NA,8075.8847,227.810569816643,NA,NA,14.5931496529,NA,NA,""
"229","COMPASS: Synoptic","CB","GCW","SW","B",0,"GCW_202209_SW_B",2022,9,19,NA,NA,1050.2681,32.7594541484716,NA,NA,7850.4868,221.452377997179,NA,NA,14.1858556476,NA,NA,""
"230","COMPASS: Synoptic","CB","GCW","SW","C",0,"GCW_202209_SW_C",2022,9,19,NA,NA,1062.9607,33.1553555832813,NA,NA,7955.1625,224.40514809591,NA,NA,14.3750046375,NA,NA,""
"231","COMPASS: Synoptic","CB","MSM","UP","C",45,"MSM_202209_UP_LYSC_45CM",2022,9,18,NA,NA,379.776,11.8457891453525,NA,NA,3051.8994,86.0902510578279,NA,NA,5.5148082158,NA,NA,""
"232","COMPASS: Synoptic","CB","MSM","TR","A",10,"MSM_202209_TR_LYSA_10CM",2022,9,18,NA,NA,477.6392,14.8982907049283,NA,NA,5716.5885,161.25778561354,NA,NA,10.3299014195,NA,NA,""
"233","COMPASS: Synoptic","CB","GCW","UP","A",20,"GCW_202210_UP_LYSA_20CM",2022,10,11,NA,NA,4.1491,0.129416718652526,NA,NA,14.4387,0.4072976022567,NA,NA,0.0261167309,NA,NA,""
"234","COMPASS: Synoptic","CB","GCW","TR","B",20,"GCW_202210_TR_LYSB_20CM",2022,10,11,NA,NA,28.5838,0.891572052401747,NA,NA,41.4508,1.16927503526093,NA,NA,0.0749275956,NA,NA,""
"235","COMPASS: Synoptic","CB","GCW","TR","B",45,"GCW_202210_TR_LYSB_45CM",2022,10,11,NA,NA,4.0623,0.12670929507174,NA,NA,116.8442,3.29602820874471,NA,NA,0.2111634694,NA,NA,""
"236","COMPASS: Synoptic","CB","GCW","TR","C",10,"GCW_202210_TR_LYSC_10CM",2022,10,11,NA,NA,18.6907,0.582991266375546,NA,NA,31.0947,0.87714245416079,NA,NA,0.0562141229,NA,NA,""
"237","COMPASS: Synoptic","CB","GCW","TR","C",20,"GCW_202210_TR_LYSC_20CM",2022,10,11,NA,NA,25.7435,0.802978789769183,NA,NA,45.0862,1.27182510578279,NA,NA,0.0814967634,NA,NA,""
"238","COMPASS: Synoptic","CB","GCW","TR","C",45,"GCW_202210_TR_LYSC_45CM",2022,10,11,NA,NA,23.9418,0.746781035558328,NA,NA,112.4517,3.17212129760226,NA,NA,0.2032262219,NA,NA,""
"239","COMPASS: Synoptic","CB","GCW","UP","B",10,"GCW_202210_UP_LYSB_10CM",2022,10,11,NA,NA,5.1171,0.159610106051154,NA,NA,13.0643,0.368527503526093,NA,NA,0.0236331901,NA,NA,""
"240","COMPASS: Synoptic","CB","GCW","SW","A",0,"GCW_202210_SW_A",2022,10,11,NA,NA,852.2257,26.5822114784779,NA,NA,6542.6426,184.5597348378,NA,NA,11.8225811782,NA,NA,""
"241","COMPASS: Synoptic","CB","GCW","SW","B",0,"GCW_202210_SW_B",2022,10,11,NA,NA,898.5838,28.0281908920774,NA,NA,6892.9704,194.442042313117,NA,NA,12.4556235128,NA,NA,""
"242","COMPASS: Synoptic","CB","GCW","SW","C",0,"GCW_202210_SW_C",2022,10,11,NA,NA,856.0543,26.701631316282,NA,NA,6528.1527,184.150992947814,NA,NA,11.7963979289,NA,NA,""
"243","COMPASS: Synoptic","CB","GWI","UP","A",10,"GWI_202210_UP_LYSA_10CM",2022,10,14,NA,NA,838.9632,26.1685339987523,NA,NA,6874.9098,193.932575458392,NA,NA,12.4229880086,NA,NA,""
"244","COMPASS: Synoptic","CB","GWI","UP","A",20,"GWI_202210_UP_LYSA_20CM",2022,10,14,NA,NA,819.3349,25.5562975670618,NA,NA,6654.1545,187.705345557123,NA,NA,12.0240831815,NA,NA,""
"245","COMPASS: Synoptic","CB","GWI","UP","A",45,"GWI_202210_UP_LYSA_45CM",2022,10,14,NA,NA,655.8744,20.4577167810356,NA,NA,5534.61,156.124400564175,NA,NA,10.00106627,NA,NA,""
"246","COMPASS: Synoptic","CB","GCW","UP","B",20,"GCW_202210_UP_LYSB_20CM",2022,10,11,NA,NA,3.4629,0.108013100436681,NA,NA,13.5171,0.381300423131171,NA,NA,0.0244513997,NA,NA,""
"247","COMPASS: Synoptic","CB","GWI","UP","B",10,"GWI_202210_UP_LYSB_10CM",2022,10,14,NA,NA,689.042,21.4922645040549,NA,NA,5572.4027,157.190485190409,NA,NA,10.0693576789,NA,NA,""
"248","COMPASS: Synoptic","CB","GWI","UP","B",20,"GWI_202210_UP_LYSB_20CM",2022,10,14,NA,NA,664.5241,20.7275140361822,NA,NA,5455.6771,153.897802538787,NA,NA,9.8584345197,NA,NA,""
"249","COMPASS: Synoptic","CB","GWI","UP","C",10,"GWI_202210_UP_LYSC_10CM",2022,10,14,NA,NA,1143.0658,35.6539550842171,NA,NA,8981.3661,253.353063469676,NA,NA,16.2293545427,NA,NA,""
"250","COMPASS: Synoptic","CB","GWI","UP","C",20,"GWI_202210_UP_LYSC_20CM",2022,10,14,NA,NA,1073.6858,33.4898877105427,NA,NA,9117.6201,257.196617771509,NA,NA,16.4755655207,NA,NA,""
"251","COMPASS: Synoptic","CB","GWI","TR","A",10,"GWI_202210_TR_LYSA_10CM",2022,10,14,NA,NA,1622.3719,50.6042389270118,NA,NA,12740.5862,359.395943582511,NA,NA,23.0222652634,NA,NA,""
"252","COMPASS: Synoptic","CB","GWI","TR","A",20,"GWI_202210_TR_LYSA_20CM",2022,10,14,NA,NA,721.0604,22.4909669369931,NA,NA,9997.5066,282.017111424542,NA,NA,18.0655204262,NA,NA,""
"253","COMPASS: Synoptic","CB","GWI","TR","A",45,"GWI_202210_TR_LYSA_45CM",2022,10,14,NA,NA,685.3496,21.3770929507174,NA,NA,8321.3883,234.73591819464,NA,NA,15.0367746581,NA,NA,""
"254","COMPASS: Synoptic","CB","GWI","TR","B",10,"GWI_202210_TR_LYSB_10CM",2022,10,14,NA,NA,1745.0152,54.4296693699314,NA,NA,12859.4817,362.749836389281,NA,NA,23.2371094319,NA,NA,""
"255","COMPASS: Synoptic","CB","GWI","TR","B",20,"GWI_202210_TR_LYSB_20CM",2022,10,14,NA,NA,439.3121,13.7028103555833,NA,NA,10976.2673,309.626722143865,NA,NA,19.8341410111,NA,NA,""
"256","COMPASS: Synoptic","CB","GWI","TR","B",45,"GWI_202210_TR_LYSB_45CM",2022,10,14,NA,NA,1109.8531,34.6180006238303,NA,NA,9834.0798,277.407046544429,NA,NA,17.7702081986,NA,NA,""
"257","COMPASS: Synoptic","CB","GCW","UP","B",45,"GCW_202210_UP_LYSB_45CM",2022,10,11,NA,NA,7.4954,0.233792888334373,NA,NA,1.4517,0.040950634696756,NA,NA,0.0026492219,NA,NA,""
"258","COMPASS: Synoptic","CB","GWI","TR","C",10,"GWI_202210_TR_LYSC_10CM",2022,10,14,NA,NA,1823.0267,56.8629663131628,NA,NA,13299.1843,375.153294781382,NA,NA,24.0316520301,NA,NA,""
"259","COMPASS: Synoptic","CB","GWI","TR","C",20,"GWI_202210_TR_LYSC_20CM",2022,10,14,NA,NA,1414.411,44.1176232064878,NA,NA,11742.605,331.244146685472,NA,NA,21.218913235,NA,NA,""
"260","COMPASS: Synoptic","CB","GWI","TR","C",45,"GWI_202210_TR_LYSC_45CM",2022,10,14,NA,NA,1283.4039,40.0313131628197,NA,NA,9835.5647,277.44893370945,NA,NA,17.7728914129,NA,NA,""
"261","COMPASS: Synoptic","CB","GCW","UP","C",20,"GCW_202210_UP_LYSC_20CM",2022,10,11,NA,NA,15.0061,0.468063006862133,NA,NA,17.1166,0.482837799717912,NA,NA,0.0309556962,NA,NA,""
"262","COMPASS: Synoptic","CB","GWI","SW","A",0,"GWI_202210_SW_A",2022,10,14,NA,NA,1979.39,61.7401746724891,NA,NA,14347.4461,404.723444287729,NA,NA,25.9258611027,NA,NA,""
"263","COMPASS: Synoptic","CB","GWI","SW","B",0,"GWI_202210_SW_B",2022,10,14,NA,NA,1968.0803,61.3874079850281,NA,NA,14255.3579,402.125751763047,NA,NA,25.7594577253,NA,NA,""
"264","COMPASS: Synoptic","CB","GWI","SW","C",0,"GWI_202210_SW_C",2022,10,14,NA,NA,1991.78,62.1266375545851,NA,NA,14428.7075,407.015726375176,NA,NA,26.0727004525,NA,NA,""
"265","COMPASS: Synoptic","CB","MSM","UP","A",20,"MSM_202210_UP_LYSA_20CM",2022,10,27,NA,NA,195.2139,6.08901746724891,NA,NA,1999.9055,56.4148236953456,NA,NA,3.6138552385,NA,NA,""
"266","COMPASS: Synoptic","CB","MSM","UP","A",45,"MSM_202210_UP_LYSA_45CM",2022,10,27,NA,NA,228.7879,7.13624142233312,NA,NA,2812.1121,79.3261523272214,NA,NA,5.0815125647,NA,NA,""
"267","COMPASS: Synoptic","CB","MSM","UP","B",10,"MSM_202210_UP_LYSB_10CM",2022,10,27,NA,NA,110.9772,3.46154709918902,NA,NA,686.4152,19.3629111424542,NA,NA,1.2403782664,NA,NA,""
"268","COMPASS: Synoptic","CB","MSM","UP","B",20,"MSM_202210_UP_LYSB_20CM",2022,10,27,NA,NA,105.4792,3.29005614472863,NA,NA,845.1635,23.8410014104372,NA,NA,1.5272364445,NA,NA,""
"269","COMPASS: Synoptic","CB","MSM","UP","B",45,"MSM_202210_UP_LYSB_45CM",2022,10,27,NA,NA,270.9957,8.45276668746101,NA,NA,2188.7268,61.7412355430183,NA,NA,3.9550553276,NA,NA,""
"270","COMPASS: Synoptic","CB","GCW","TR","A",10,"GCW_202210_TR_LYSA_10CM",2022,10,11,NA,NA,46.8346,1.46084217092951,NA,NA,0,0,NA,NA,2.6e-05,NA,NA,""
"271","COMPASS: Synoptic","CB","MSM","UP","C",10,"MSM_202210_UP_LYSC_10CM",2022,10,27,NA,NA,109.6287,3.41948533998752,NA,NA,1183.7901,33.3932327221439,NA,NA,2.1391347107,NA,NA,""
"272","COMPASS: Synoptic","CB","MSM","UP","C",20,"MSM_202210_UP_LYSC_20CM",2022,10,27,NA,NA,145.6867,4.5441890205864,NA,NA,1564.5007,44.1326008462623,NA,NA,2.8270787649,NA,NA,""
"273","COMPASS: Synoptic","CB","MSM","UP","C",45,"MSM_202210_UP_LYSC_45CM",2022,10,27,NA,NA,377.929,11.788178415471,NA,NA,2842.6667,80.1880592383639,NA,NA,5.1367247269,NA,NA,""
"274","COMPASS: Synoptic","CB","MSM","TR","A",10,"MSM_202210_TR_LYSA_10CM",2022,10,27,NA,NA,565.987,17.6539925140362,NA,NA,4482.4315,126.443765867419,NA,NA,8.0997797205,NA,NA,""
"275","COMPASS: Synoptic","CB","MSM","TR","A",20,"MSM_202210_TR_LYSA_20CM",2022,10,27,NA,NA,560.94,17.4965689332502,NA,NA,4279.1899,120.710575458392,NA,NA,7.7325221493,NA,NA,""
"276","COMPASS: Synoptic","CB","MSM","TR","A",45,"MSM_202210_TR_LYSA_45CM",2022,10,27,NA,NA,595.7644,18.5827947598253,NA,NA,4319.3938,121.844677009873,NA,NA,7.8051705966,NA,NA,""
"277","COMPASS: Synoptic","CB","MSM","TR","B",10,"MSM_202210_TR_LYSB_10CM",2022,10,27,NA,NA,470.4802,14.6749906425452,NA,NA,4395.8034,124.000095909732,NA,NA,7.9432427438,NA,NA,""
"278","COMPASS: Synoptic","CB","MSM","TR","B",20,"MSM_202210_TR_LYSB_20CM",2022,10,27,NA,NA,414.0537,12.9149625701809,NA,NA,4624.6051,130.454304654443,NA,NA,8.3566874157,NA,NA,""
"279","COMPASS: Synoptic","CB","MSM","TR","B",45,"MSM_202210_TR_LYSB_45CM",2022,10,27,NA,NA,615.053,19.1844354335621,NA,NA,4558.519,128.590098730606,NA,NA,8.237269833,NA,NA,""
"280","COMPASS: Synoptic","CB","MSM","TR","C",10,"MSM_202210_TR_LYSC_10CM",2022,10,27,NA,NA,536.2166,16.7254086088584,NA,NA,4506.6901,127.128070521862,NA,NA,8.1436150107,NA,NA,""
"281","COMPASS: Synoptic","CB","GCW","TR","A",20,"GCW_202210_TR_LYSA_20CM",2022,10,11,NA,NA,8.2599,0.257638802245789,NA,NA,5.0212,0.141641748942172,NA,NA,0.0090993084,NA,NA,""
"282","COMPASS: Synoptic","CB","MSM","TR","C",20,"MSM_202210_TR_LYSC_20CM",2022,10,27,NA,NA,351.6494,10.9684778540237,NA,NA,4344.6776,122.557901269393,NA,NA,7.8508584232,NA,NA,""
"283","COMPASS: Synoptic","CB","MSM","TR","C",45,"MSM_202210_TR_LYSC_45CM",2022,10,27,NA,NA,341.6003,10.6550311915159,NA,NA,4025.7821,113.562259520451,NA,NA,7.2746142547,NA,NA,""
"284","COMPASS: Synoptic","CB","GCW","TR","A",45,"GCW_202210_TR_LYSA_45CM",2022,10,11,NA,NA,26.7256,0.833611977542108,NA,NA,8.9064,0.251238363892807,NA,NA,0.0161198648,NA,NA,""
"285","COMPASS: Synoptic","CB","MSM","SW","A",0,"MSM_202210_SW_A",2022,10,27,NA,NA,1878.929,58.6066437928883,NA,NA,13742.9921,387.672555712271,NA,NA,24.8336127247,NA,NA,""
"286","COMPASS: Synoptic","CB","MSM","SW","B",0,"MSM_202210_SW_B",2022,10,27,NA,NA,1472.3485,45.9247816593886,NA,NA,10721.221,302.432186177715,NA,NA,19.373272347,NA,NA,""
"287","COMPASS: Synoptic","CB","MSM","SW","C",0,"MSM_202210_SW_C",2022,10,27,NA,NA,1339.2629,41.7736400499064,NA,NA,9769.9315,275.597503526093,NA,NA,17.6542922205,NA,NA,""
"288","COMPASS: Synoptic","CB","GCW","TR","B",10,"GCW_202210_TR_LYSB_10CM",2022,10,11,NA,NA,52.6281,1.64155021834061,NA,NA,94.1821,2.65675881523272,NA,NA,0.1702130547,NA,NA,""
"289","COMPASS: Synoptic","CB","MSM","UP","A",10,"MSM_202211_UP_LYSA_10CM",2022,11,13,NA,NA,264.6481,8.25477542108546,NA,NA,3270.8644,92.2669788434415,NA,NA,5.9104779708,NA,NA,""
"290","COMPASS: Synoptic","CB","MSM","TR","A",20,"MSM_202211_TR_LYSA_20CM",2022,11,13,NA,NA,1325.3953,41.3410885839052,NA,NA,6875.5636,193.951018335684,NA,NA,12.4241694252,NA,NA,""
"291","COMPASS: Synoptic","CB","GCW","TR","C",45,"GCW_202211_TR_LYSC_45CM",2022,11,15,NA,NA,158.7476,4.95157829070493,NA,NA,134.0034,3.78006770098731,NA,NA,0.2421701438,NA,NA,""
"292","COMPASS: Synoptic","CB","GCW","TR","C",45,"GCW_202211_TR_LYSC_45CM",2022,11,15,NA,NA,158.7476,4.95157829070493,NA,NA,133.2425,3.75860366713681,NA,NA,0.2407951975,NA,NA,""
"293","COMPASS: Synoptic","CB","GCW","TR","C",45,"GCW_202211_TR_LYSC_45CM",2022,11,15,NA,NA,19.3955,0.604975046787274,NA,NA,134.0034,3.78006770098731,NA,NA,0.2421701438,NA,NA,""
"294","COMPASS: Synoptic","CB","GCW","TR","C",45,"GCW_202211_TR_LYSC_45CM",2022,11,15,NA,NA,19.3955,0.604975046787274,NA,NA,133.2425,3.75860366713681,NA,NA,0.2407951975,NA,NA,""
"295","COMPASS: Synoptic","CB","MSM","TR","A",45,"MSM_202211_TR_LYSA_45CM",2022,11,13,NA,NA,960.7725,29.9679507174049,NA,NA,5319.3357,150.051782792666,NA,NA,9.6120656099,NA,NA,""
"296","COMPASS: Synoptic","CB","GCW","SW","A",0,"GCW_202211_SW_A",2022,11,15,NA,NA,663.6499,20.7002464129757,NA,NA,5151.5591,145.31901551481,NA,NA,9.3088932937,NA,NA,""
"297","COMPASS: Synoptic","CB","GCW","SW","B",0,"GCW_202211_SW_B",2022,11,15,NA,NA,661.216,20.624329382408,NA,NA,5082.9487,143.3836022567,NA,NA,9.1849143009,NA,NA,""
"298","COMPASS: Synoptic","CB","GCW","SW","C",0,"GCW_202211_SW_C",2022,11,15,NA,NA,622.387,19.4131940112289,NA,NA,4786.6191,135.024516220028,NA,NA,8.6494467137,NA,NA,""
"299","COMPASS: Synoptic","CB","GWI","UP","A",10,"GWI_202211_UP_LYSA_10CM",2022,11,17,NA,NA,855.1248,26.6726388022458,NA,NA,6963.7294,196.438064880113,NA,NA,12.5834850258,NA,NA,""
"300","COMPASS: Synoptic","CB","GWI","UP","A",20,"GWI_202211_UP_LYSA_20CM",2022,11,17,NA,NA,906.615,28.2786961946351,NA,NA,7209.5632,203.372727785614,NA,NA,13.0277067024,NA,NA,""
"301","COMPASS: Synoptic","CB","GWI","UP","A",45,"GWI_202211_UP_LYSA_45CM",2022,11,17,NA,NA,721.3934,22.5013537117904,NA,NA,6087.5963,171.723449929478,NA,NA,11.0003125141,NA,NA,""
"302","COMPASS: Synoptic","CB","GWI","UP","B",10,"GWI_202211_UP_LYSB_10CM",2022,11,17,NA,NA,491.0359,15.3161540860886,NA,NA,3760.6402,106.082939351199,NA,NA,6.7955028414,NA,NA,""
"303","COMPASS: Synoptic","CB","GWI","UP","B",20,"GWI_202211_UP_LYSB_20CM",2022,11,17,NA,NA,675.1521,21.0590174672489,NA,NA,5696.8235,160.70023977433,NA,NA,10.2941860645,NA,NA,""
"304","COMPASS: Synoptic","CB","GWI","UP","C",10,"GWI_202211_UP_LYSC_10CM",2022,11,17,NA,NA,1006.3729,31.3902963194011,NA,NA,7422.5731,209.381469675599,NA,NA,13.4126155917,NA,NA,""
"305","COMPASS: Synoptic","CB","GWI","UP","C",20,"GWI_202211_UP_LYSC_20CM",2022,11,17,NA,NA,1144.9459,35.7125982532751,NA,NA,9289.2814,262.038967559944,NA,NA,16.7857574898,NA,NA,""
"306","COMPASS: Synoptic","CB","GWI","UP","C",20,"GWI_202211_UP_LYSC_20CM",2022,11,17,NA,NA,1144.9459,35.7125982532751,NA,NA,8633.3808,243.536834978843,NA,NA,15.6005451056,NA,NA,""
"307","COMPASS: Synoptic","CB","GWI","UP","C",20,"GWI_202211_UP_LYSC_20CM",2022,11,17,NA,NA,1062.65,33.1456643792888,NA,NA,9289.2814,262.038967559944,NA,NA,16.7857574898,NA,NA,""
"308","COMPASS: Synoptic","CB","GWI","UP","C",20,"GWI_202211_UP_LYSC_20CM",2022,11,17,NA,NA,1062.65,33.1456643792888,NA,NA,8633.3808,243.536834978843,NA,NA,15.6005451056,NA,NA,""
"309","COMPASS: Synoptic","CB","MSM","TR","B",10,"MSM_202211_TR_LYSB_10CM",2022,11,13,NA,NA,801.3316,24.9947473487211,NA,NA,5780.1615,163.051100141044,NA,NA,10.4447778305,NA,NA,""
"310","COMPASS: Synoptic","CB","GWI","TR","A",10,"GWI_202211_TR_LYSA_10CM",2022,11,17,NA,NA,1862.6278,58.0981846537742,NA,NA,14578.7194,411.247373765867,NA,NA,26.3437719558,NA,NA,""
"311","COMPASS: Synoptic","CB","GWI","TR","A",20,"GWI_202211_TR_LYSA_20CM",2022,11,17,NA,NA,995.7634,31.0593699313787,NA,NA,12009.4475,338.77143864598,NA,NA,21.7010976325,NA,NA,""
"312","COMPASS: Synoptic","CB","GWI","TR","A",45,"GWI_202211_TR_LYSA_45CM",2022,11,17,NA,NA,699.8877,21.8305583281347,NA,NA,8161.5412,230.226832157969,NA,NA,14.7479309484,NA,NA,""
"313","COMPASS: Synoptic","CB","GWI","TR","B",10,"GWI_202211_TR_LYSB_10CM",2022,11,17,NA,NA,1891.15,58.987835308796,NA,NA,14206.1918,400.738837799718,NA,NA,25.6706145826,NA,NA,""
"314","COMPASS: Synoptic","CB","GWI","TR","B",20,"GWI_202211_TR_LYSB_20CM",2022,11,17,NA,NA,746.6544,23.2892825951341,NA,NA,12574.3688,354.707159379408,NA,NA,22.7219104216,NA,NA,""
"315","COMPASS: Synoptic","CB","GWI","TR","B",45,"GWI_202211_TR_LYSB_45CM",2022,11,17,NA,NA,1244.6327,38.8219806612601,NA,NA,10803.9026,304.764530324401,NA,NA,19.5226779982,NA,NA,""
"316","COMPASS: Synoptic","CB","GWI","TR","C",10,"GWI_202211_TR_LYSC_10CM",2022,11,17,NA,NA,1844.5566,57.5345165315034,NA,NA,13773.3261,388.52823977433,NA,NA,24.8884262627,NA,NA,""
"317","COMPASS: Synoptic","CB","GWI","TR","C",20,"GWI_202211_TR_LYSC_20CM",2022,11,17,NA,NA,1616.3877,50.4175826575172,NA,NA,13512.9722,381.183983074753,NA,NA,24.4179667654,NA,NA,""
"318","COMPASS: Synoptic","CB","GWI","TR","C",45,"GWI_202211_TR_LYSC_45CM",2022,11,17,NA,NA,1482.4622,46.2402432938241,NA,NA,11314.8145,319.176713681241,NA,NA,20.4458958015,NA,NA,""
"319","COMPASS: Synoptic","CB","MSM","TR","B",20,"MSM_202211_TR_LYSB_20CM",2022,11,13,NA,NA,807.1753,25.1770212102308,NA,NA,6655.4242,187.741162200282,NA,NA,12.0263775294,NA,NA,""
"320","COMPASS: Synoptic","CB","GWI","SW","A",0,"GWI_202211_SW_A",2022,11,17,NA,NA,1977.6984,61.6874111041797,NA,NA,14413.7914,406.594961918195,NA,NA,26.0457470598,NA,NA,""
"321","COMPASS: Synoptic","CB","GWI","SW","B",0,"GWI_202211_SW_B",2022,11,17,NA,NA,2028.0536,63.2580661260137,NA,NA,14791.6628,417.25423977433,NA,NA,26.7285606796,NA,NA,""
"322","COMPASS: Synoptic","CB","GWI","SW","C",0,"GWI_202211_SW_C",2022,11,17,NA,NA,2131.0356,66.4702308172177,NA,NA,15474.59,436.518758815233,NA,NA,27.96261013,NA,NA,""
"323","COMPASS: Synoptic","CB","MSM","TR","B",45,"MSM_202211_TR_LYSB_45CM",2022,11,13,NA,NA,1387.9801,43.2932033686837,NA,NA,7314.8545,206.342863187588,NA,NA,13.2179680815,NA,NA,""
"324","COMPASS: Synoptic","CB","MSM","TR","B",10,"MSM_202211_TR_LYSB_10CM",2022,11,13,NA,NA,1048.6566,32.7091890205864,NA,NA,6370.2701,179.697322990127,NA,NA,11.5111040707,NA,NA,""
"325","COMPASS: Synoptic","CB","MSM","TR","B",20,"MSM_202211_TR_LYSB_20CM",2022,11,13,NA,NA,701.6766,21.886356830942,NA,NA,6346.5882,179.029286318759,NA,NA,11.4683108774,NA,NA,""
"326","COMPASS: Synoptic","CB","MSM","TR","B",45,"MSM_202211_TR_LYSB_45CM",2022,11,13,NA,NA,625.2173,19.5014753587024,NA,NA,5590.7615,157.708363892807,NA,NA,10.1025320305,NA,NA,""
"327","COMPASS: Synoptic","CB","MSM","UP","A",20,"MSM_202211_UP_LYSA_20CM",2022,11,13,NA,NA,277.1974,8.64620711166563,NA,NA,2342.0044,66.0650042313117,NA,NA,4.2320279508,NA,NA,""
"328","COMPASS: Synoptic","CB","MSM","SW","A",0,"MSM_202211_SW_A",2022,11,13,NA,NA,2500.6712,77.99972551466,NA,NA,13253.0274,373.851266572637,NA,NA,23.9482465118,NA,NA,""
"329","COMPASS: Synoptic","CB","MSM","SW","B",0,"MSM_202211_SW_B",2022,11,13,NA,NA,1790.3195,55.8427791640674,NA,NA,14007.9493,395.146665726375,NA,NA,25.3123903851,NA,NA,""
"330","COMPASS: Synoptic","CB","MSM","SW","C",0,"MSM_202211_SW_C",2022,11,13,NA,NA,2098.9347,65.4689550842171,NA,NA,12472.3483,351.829289139633,NA,NA,22.5375593781,NA,NA,""
"331","COMPASS: Synoptic","CB","MSM","UP","B",10,"MSM_202211_UP_LYSB_10CM",2022,11,13,NA,NA,86.2372,2.68986899563319,NA,NA,654.6429,18.4666544428773,NA,NA,1.1829657203,NA,NA,""
"332","COMPASS: Synoptic","CB","MSM","UP","B",20,"MSM_202211_UP_LYSB_20CM",2022,11,13,NA,NA,114.7059,3.57785090455396,NA,NA,997.4385,28.1364880112835,NA,NA,1.8023973695,NA,NA,""
"333","COMPASS: Synoptic","CB","MSM","UP","B",45,"MSM_202211_UP_LYSB_45CM",2022,11,13,NA,NA,547.2917,17.0708577666875,NA,NA,3075.0677,86.7437997179126,NA,NA,5.5566733339,NA,NA,""
"334","COMPASS: Synoptic","CB","MSM","UP","C",10,"MSM_202211_UP_LYSC_10CM",2022,11,13,NA,NA,96.2034,3.00072988147224,NA,NA,1094.3512,30.8702736248237,NA,NA,1.9775186184,NA,NA,""
"335","COMPASS: Synoptic","CB","MSM","UP","C",20,"MSM_202211_UP_LYSC_20CM",2022,11,13,NA,NA,202.4505,6.31473799126638,NA,NA,1848.6897,52.149215796897,NA,NA,3.3406082879,NA,NA,""
"336","COMPASS: Synoptic","CB","MSM","UP","C",45,"MSM_202211_UP_LYSC_45CM",2022,11,13,NA,NA,647.3701,20.1924547723019,NA,NA,3552.1977,100.203038081805,NA,NA,6.4188472439,NA,NA,""
"337","COMPASS: Synoptic","CB","GCW","UP","B",10,"GCW_202211_UP_LYSB_10CM",2022,11,15,NA,NA,25.2283,0.78690892077355,NA,NA,96.1308,2.71172919605078,NA,NA,0.1737343556,NA,NA,""
"338","COMPASS: Synoptic","CB","GCW","UP","B",20,"GCW_202211_UP_LYSB_20CM",2022,11,15,NA,NA,24.7076,0.770667498440424,NA,NA,6.0037,0.169356840620592,NA,NA,0.0108746859,NA,NA,""
"339","COMPASS: Synoptic","CB","MSM","TR","A",10,"MSM_202211_TR_LYSA_10CM",2022,11,13,NA,NA,1130.0614,35.2483281347473,NA,NA,6907.9772,194.865365303244,NA,NA,12.4827408004,NA,NA,""
"340","COMPASS: Synoptic","CB","GCW","UP","C",10,"GCW_202211_UP_LYSC_10CM",2022,11,15,NA,NA,8.7733,0.273652526512789,NA,NA,6.819,0.192355430183357,NA,NA,0.012347933,NA,NA,""
"341","COMPASS: Synoptic","CB","GCW","UP","C",20,"GCW_202211_UP_LYSC_20CM",2022,11,15,NA,NA,3.9959,0.124638178415471,NA,NA,8.5123,0.240121297602257,NA,NA,0.0154077261,NA,NA,""
"342","COMPASS: Synoptic","CB","GCW","UP","C",45,"GCW_202211_UP_LYSC_45CM",2022,11,15,NA,NA,8.5612,0.267036805988771,NA,NA,5.5322,0.156056417489422,NA,NA,0.0100226854,NA,NA,""
"343","COMPASS: Synoptic","CB","GCW","TR","A",20,"GCW_202211_TR_LYSA_20CM",2022,11,15,NA,NA,12.7006,0.396150966936993,NA,NA,39.3372,1.10965303244006,NA,NA,0.0711083204,NA,NA,""
"344","COMPASS: Synoptic","CB","GCW","TR","A",45,"GCW_202211_TR_LYSA_45CM",2022,11,15,NA,NA,29.8886,0.932270742358078,NA,NA,9.2674,0.261421720733427,NA,NA,0.0167721918,NA,NA,""
"345","COMPASS: Synoptic","CB","GCW","TR","B",10,"GCW_202211_TR_LYSB_10CM",2022,11,15,NA,NA,37.2271,1.16116968184654,NA,NA,42.8304,1.20819181946403,NA,NA,0.0774205328,NA,NA,""
"346","COMPASS: Synoptic","CB","GCW","TR","B",20,"GCW_202211_TR_LYSB_20CM",2022,11,15,NA,NA,23.2492,0.725177791640674,NA,NA,27.3018,0.770149506346968,NA,NA,0.0493603526,NA,NA,""
"347","COMPASS: Synoptic","CB","GCW","TR","B",45,"GCW_202211_TR_LYSB_45CM",2022,11,15,NA,NA,8.5226,0.265832813474735,NA,NA,78.9566,2.22726657263752,NA,NA,0.1427005762,NA,NA,""
"348","COMPASS: Synoptic","CB","GCW","TR","C",10,"GCW_202211_TR_LYSC_10CM",2022,11,15,NA,NA,23.2523,0.725274485339988,NA,NA,36.3126,1.02433286318759,NA,NA,0.0656428682,NA,NA,""
"349","COMPASS: Synoptic","CB","GCW","TR","C",20,"GCW_202211_TR_LYSC_20CM",2022,11,15,NA,NA,36.2821,1.13169369931379,NA,NA,48.2589,1.36132299012694,NA,NA,0.0872298323,NA,NA,""
